Copyright 1986-2022 Xilinx, Inc. All Rights Reserved. Copyright 2022-2025 Advanced Micro Devices, Inc. All Rights Reserved.
-----------------------------------------------------------------------------------------------------------------------------------------------------------------------------------------------------------------------------------------------------------
| Tool Version      : Vivado v.2025.1 (win64) Build 6140274 Thu May 22 00:12:29 MDT 2025
| Date              : Thu Jul 17 17:12:41 2025
| Host              : DESKTOP-5G0J4EJ running 64-bit major release  (build 9200)
| Command           : report_timing_summary -max_paths 10 -routable_nets -report_unconstrained -file IFM_bd_wrapper_timing_summary_routed.rpt -pb IFM_bd_wrapper_timing_summary_routed.pb -rpx IFM_bd_wrapper_timing_summary_routed.rpx -warn_on_violation
| Design            : IFM_bd_wrapper
| Device            : xczu9eg-ffvb1156
| Speed File        : -2  PRODUCTION 1.30 05-15-2022
| Design State      : Routed
| Temperature Grade : E
-----------------------------------------------------------------------------------------------------------------------------------------------------------------------------------------------------------------------------------------------------------

Timing Summary Report

------------------------------------------------------------------------------------------------
| Timer Settings
| --------------
------------------------------------------------------------------------------------------------

  Enable Multi Corner Analysis               :  Yes
  Enable Pessimism Removal                   :  Yes
  Pessimism Removal Resolution               :  Nearest Common Node
  Enable Input Delay Default Clock           :  No
  Enable Preset / Clear Arcs                 :  No
  Disable Flight Delays                      :  No
  Ignore I/O Paths                           :  No
  Timing Early Launch at Borrowing Latches   :  No
  Borrow Time for Max Delay Exceptions       :  Yes
  Merge Timing Exceptions                    :  Yes
  Inter-SLR Compensation                     :  Conservative

  Corner  Analyze    Analyze    
  Name    Max Paths  Min Paths  
  ------  ---------  ---------  
  Slow    Yes        Yes        
  Fast    Yes        Yes        


------------------------------------------------------------------------------------------------
| Report Methodology
| ------------------
------------------------------------------------------------------------------------------------

Rule       Severity  Description                    Violations  
---------  --------  -----------------------------  ----------  
TIMING-18  Warning   Missing input or output delay  198         

Note: This report is based on the most recent report_methodology run and may not be up-to-date. Run report_methodology on the current design for the latest report.



check_timing report

Table of Contents
-----------------
1. checking no_clock (0)
2. checking constant_clock (0)
3. checking pulse_width_clock (0)
4. checking unconstrained_internal_endpoints (0)
5. checking no_input_delay (32)
6. checking no_output_delay (166)
7. checking multiple_clock (0)
8. checking generated_clocks (0)
9. checking loops (0)
10. checking partial_input_delay (0)
11. checking partial_output_delay (0)
12. checking latch_loops (0)

1. checking no_clock (0)
------------------------
 There are 0 register/latch pins with no clock.


2. checking constant_clock (0)
------------------------------
 There are 0 register/latch pins with constant_clock.


3. checking pulse_width_clock (0)
---------------------------------
 There are 0 register/latch pins which need pulse_width check


4. checking unconstrained_internal_endpoints (0)
------------------------------------------------
 There are 0 pins that are not constrained for maximum delay.

 There are 0 pins that are not constrained for maximum delay due to constant clock.


5. checking no_input_delay (32)
-------------------------------
 There are 32 input ports with no input delay specified. (HIGH)

 There are 0 input ports with no input delay but user has a false path constraint.


6. checking no_output_delay (166)
---------------------------------
 There are 166 ports with no output delay specified. (HIGH)

 There are 0 ports with no output delay but user has a false path constraint

 There are 0 ports with no output delay but with a timing clock defined on it or propagating through it


7. checking multiple_clock (0)
------------------------------
 There are 0 register/latch pins with multiple clocks.


8. checking generated_clocks (0)
--------------------------------
 There are 0 generated clocks that are not connected to a clock source.


9. checking loops (0)
---------------------
 There are 0 combinational loops in the design.


10. checking partial_input_delay (0)
------------------------------------
 There are 0 input ports with partial input delay specified.


11. checking partial_output_delay (0)
-------------------------------------
 There are 0 ports with partial output delay specified.


12. checking latch_loops (0)
----------------------------
 There are 0 combinational latch loops in the design through latch input



------------------------------------------------------------------------------------------------
| Design Timing Summary
| ---------------------
------------------------------------------------------------------------------------------------

    WNS(ns)      TNS(ns)  TNS Failing Endpoints  TNS Total Endpoints      WHS(ns)      THS(ns)  THS Failing Endpoints  THS Total Endpoints     WPWS(ns)     TPWS(ns)  TPWS Failing Endpoints  TPWS Total Endpoints  
    -------      -------  ---------------------  -------------------      -------      -------  ---------------------  -------------------     --------     --------  ----------------------  --------------------  
      0.457        0.000                      0                28054        0.026        0.000                      0                28054        1.124        0.000                       0                 10418  


All user specified timing constraints are met.


------------------------------------------------------------------------------------------------
| Clock Summary
| -------------
------------------------------------------------------------------------------------------------

Clock  Waveform(ns)         Period(ns)      Frequency(MHz)
-----  ------------         ----------      --------------
clk    {0.000 1.666}        3.333           300.030         


------------------------------------------------------------------------------------------------
| Intra Clock Table
| -----------------
------------------------------------------------------------------------------------------------

Clock             WNS(ns)      TNS(ns)  TNS Failing Endpoints  TNS Total Endpoints      WHS(ns)      THS(ns)  THS Failing Endpoints  THS Total Endpoints     WPWS(ns)     TPWS(ns)  TPWS Failing Endpoints  TPWS Total Endpoints  
-----             -------      -------  ---------------------  -------------------      -------      -------  ---------------------  -------------------     --------     --------  ----------------------  --------------------  
clk                 0.457        0.000                      0                28054        0.026        0.000                      0                28054        1.124        0.000                       0                 10418  


------------------------------------------------------------------------------------------------
| Inter Clock Table
| -----------------
------------------------------------------------------------------------------------------------

From Clock    To Clock          WNS(ns)      TNS(ns)  TNS Failing Endpoints  TNS Total Endpoints      WHS(ns)      THS(ns)  THS Failing Endpoints  THS Total Endpoints  
----------    --------          -------      -------  ---------------------  -------------------      -------      -------  ---------------------  -------------------  


------------------------------------------------------------------------------------------------
| Other Path Groups Table
| -----------------------
------------------------------------------------------------------------------------------------

Path Group    From Clock    To Clock          WNS(ns)      TNS(ns)  TNS Failing Endpoints  TNS Total Endpoints      WHS(ns)      THS(ns)  THS Failing Endpoints  THS Total Endpoints  
----------    ----------    --------          -------      -------  ---------------------  -------------------      -------      -------  ---------------------  -------------------  


------------------------------------------------------------------------------------------------
| User Ignored Path Table
| -----------------------
------------------------------------------------------------------------------------------------

Path Group    From Clock    To Clock    
----------    ----------    --------    


------------------------------------------------------------------------------------------------
| Unconstrained Path Table
| ------------------------
------------------------------------------------------------------------------------------------

Path Group    From Clock    To Clock    
----------    ----------    --------    
(none)        clk                         
(none)                      clk           


------------------------------------------------------------------------------------------------
| Timing Details
| --------------
------------------------------------------------------------------------------------------------


---------------------------------------------------------------------------------------------------
From Clock:  clk
  To Clock:  clk

Setup :            0  Failing Endpoints,  Worst Slack        0.457ns,  Total Violation        0.000ns
Hold  :            0  Failing Endpoints,  Worst Slack        0.026ns,  Total Violation        0.000ns
PW    :            0  Failing Endpoints,  Worst Slack        1.124ns,  Total Violation        0.000ns
---------------------------------------------------------------------------------------------------


Max Delay Paths
--------------------------------------------------------------------------------------
Slack (MET) :             0.457ns  (required time - arrival time)
  Source:                 <hidden>
                            (rising edge-triggered cell FDRE clocked by clk  {rise@0.000ns fall@1.666ns period=3.333ns})
  Destination:            IFM_bd_i/IFM_1/inst/ifm_struct/envelope_detection/signal_detection/squarereal/op_mem_65_20_reg[0]__0/DSP_OUTPUT_INST/ALU_OUT[0]
                            (rising edge-triggered cell DSP_OUTPUT clocked by clk  {rise@0.000ns fall@1.666ns period=3.333ns})
  Path Group:             clk
  Path Type:              Setup (Max at Slow Process Corner)
  Requirement:            3.333ns  (clk rise@3.333ns - clk rise@0.000ns)
  Data Path Delay:        2.869ns  (logic 2.198ns (76.623%)  route 0.671ns (23.377%))
  Logic Levels:           7  (DSP_A_B_DATA=1 DSP_ALU=2 DSP_M_DATA=1 DSP_MULTIPLIER=1 DSP_OUTPUT=1 DSP_PREADD_DATA=1)
  Clock Path Skew:        0.013ns (DCD - SCD + CPR)
    Destination Clock Delay (DCD):    0.043ns = ( 3.376 - 3.333 ) 
    Source Clock Delay      (SCD):    0.030ns
    Clock Pessimism Removal (CPR):    0.000ns
  Clock Uncertainty:      0.035ns  ((TSJ^2 + TIJ^2)^1/2 + DJ) / 2 + PE
    Total System Jitter     (TSJ):    0.071ns
    Total Input Jitter      (TIJ):    0.000ns
    Discrete Jitter          (DJ):    0.000ns
    Phase Error              (PE):    0.000ns

    Location             Delay type                Incr(ns)  Path(ns)    Netlist Resource(s)
  -------------------------------------------------------------------    -------------------
                         (clock clk rise edge)        0.000     0.000 r  
                                                      0.000     0.000 r  clk (IN)
                         net (fo=10823, unset)        0.030     0.030    <hidden>
    SLICE_X49Y69         FDRE                                         r  <hidden>
  -------------------------------------------------------------------    -------------------
    SLICE_X49Y69         FDRE (Prop_AFF2_SLICEM_C_Q)
                                                      0.080     0.110 f  <hidden>
                         net (fo=5, routed)           0.657     0.767    IFM_bd_i/IFM_1/inst/ifm_struct/envelope_detection/signal_detection/squarereal/mult_46_56__0/B[11]
    DSP48E2_X8Y30        DSP_A_B_DATA (Prop_DSP_A_B_DATA_DSP48E2_B[11]_B2_DATA[11])
                                                      0.151     0.918 r  IFM_bd_i/IFM_1/inst/ifm_struct/envelope_detection/signal_detection/squarereal/mult_46_56__0/DSP_A_B_DATA_INST/B2_DATA[11]
                         net (fo=1, routed)           0.000     0.918    IFM_bd_i/IFM_1/inst/ifm_struct/envelope_detection/signal_detection/squarereal/mult_46_56__0/DSP_A_B_DATA.B2_DATA<11>
    DSP48E2_X8Y30        DSP_PREADD_DATA (Prop_DSP_PREADD_DATA_DSP48E2_B2_DATA[11]_B2B1[11])
                                                      0.073     0.991 r  IFM_bd_i/IFM_1/inst/ifm_struct/envelope_detection/signal_detection/squarereal/mult_46_56__0/DSP_PREADD_DATA_INST/B2B1[11]
                         net (fo=1, routed)           0.000     0.991    IFM_bd_i/IFM_1/inst/ifm_struct/envelope_detection/signal_detection/squarereal/mult_46_56__0/DSP_PREADD_DATA.B2B1<11>
    DSP48E2_X8Y30        DSP_MULTIPLIER (Prop_DSP_MULTIPLIER_DSP48E2_B2B1[11]_V[40])
                                                      0.609     1.600 f  IFM_bd_i/IFM_1/inst/ifm_struct/envelope_detection/signal_detection/squarereal/mult_46_56__0/DSP_MULTIPLIER_INST/V[40]
                         net (fo=1, routed)           0.000     1.600    IFM_bd_i/IFM_1/inst/ifm_struct/envelope_detection/signal_detection/squarereal/mult_46_56__0/DSP_MULTIPLIER.V<40>
    DSP48E2_X8Y30        DSP_M_DATA (Prop_DSP_M_DATA_DSP48E2_V[40]_V_DATA[40])
                                                      0.046     1.646 r  IFM_bd_i/IFM_1/inst/ifm_struct/envelope_detection/signal_detection/squarereal/mult_46_56__0/DSP_M_DATA_INST/V_DATA[40]
                         net (fo=1, routed)           0.000     1.646    IFM_bd_i/IFM_1/inst/ifm_struct/envelope_detection/signal_detection/squarereal/mult_46_56__0/DSP_M_DATA.V_DATA<40>
    DSP48E2_X8Y30        DSP_ALU (Prop_DSP_ALU_DSP48E2_V_DATA[40]_ALU_OUT[47])
                                                      0.571     2.217 f  IFM_bd_i/IFM_1/inst/ifm_struct/envelope_detection/signal_detection/squarereal/mult_46_56__0/DSP_ALU_INST/ALU_OUT[47]
                         net (fo=1, routed)           0.000     2.217    IFM_bd_i/IFM_1/inst/ifm_struct/envelope_detection/signal_detection/squarereal/mult_46_56__0/DSP_ALU.ALU_OUT<47>
    DSP48E2_X8Y30        DSP_OUTPUT (Prop_DSP_OUTPUT_DSP48E2_ALU_OUT[47]_PCOUT[47])
                                                      0.122     2.339 r  IFM_bd_i/IFM_1/inst/ifm_struct/envelope_detection/signal_detection/squarereal/mult_46_56__0/DSP_OUTPUT_INST/PCOUT[47]
                         net (fo=1, routed)           0.014     2.353    IFM_bd_i/IFM_1/inst/ifm_struct/envelope_detection/signal_detection/squarereal/op_mem_65_20_reg[0]__0/PCIN[47]
    DSP48E2_X8Y31        DSP_ALU (Prop_DSP_ALU_DSP48E2_PCIN[47]_ALU_OUT[0])
                                                      0.546     2.899 r  IFM_bd_i/IFM_1/inst/ifm_struct/envelope_detection/signal_detection/squarereal/op_mem_65_20_reg[0]__0/DSP_ALU_INST/ALU_OUT[0]
                         net (fo=1, routed)           0.000     2.899    IFM_bd_i/IFM_1/inst/ifm_struct/envelope_detection/signal_detection/squarereal/op_mem_65_20_reg[0]__0/DSP_ALU.ALU_OUT<0>
    DSP48E2_X8Y31        DSP_OUTPUT                                   r  IFM_bd_i/IFM_1/inst/ifm_struct/envelope_detection/signal_detection/squarereal/op_mem_65_20_reg[0]__0/DSP_OUTPUT_INST/ALU_OUT[0]
  -------------------------------------------------------------------    -------------------

                         (clock clk rise edge)        3.333     3.333 r  
                                                      0.000     3.333 r  clk (IN)
                         net (fo=10823, unset)        0.043     3.376    IFM_bd_i/IFM_1/inst/ifm_struct/envelope_detection/signal_detection/squarereal/op_mem_65_20_reg[0]__0/CLK
    DSP48E2_X8Y31        DSP_OUTPUT                                   r  IFM_bd_i/IFM_1/inst/ifm_struct/envelope_detection/signal_detection/squarereal/op_mem_65_20_reg[0]__0/DSP_OUTPUT_INST/CLK
                         clock pessimism              0.000     3.376    
                         clock uncertainty           -0.035     3.341    
    DSP48E2_X8Y31        DSP_OUTPUT (Setup_DSP_OUTPUT_DSP48E2_CLK_ALU_OUT[0])
                                                      0.015     3.356    IFM_bd_i/IFM_1/inst/ifm_struct/envelope_detection/signal_detection/squarereal/op_mem_65_20_reg[0]__0/DSP_OUTPUT_INST
  -------------------------------------------------------------------
                         required time                          3.356    
                         arrival time                          -2.899    
  -------------------------------------------------------------------
                         slack                                  0.457    

Slack (MET) :             0.457ns  (required time - arrival time)
  Source:                 <hidden>
                            (rising edge-triggered cell FDRE clocked by clk  {rise@0.000ns fall@1.666ns period=3.333ns})
  Destination:            IFM_bd_i/IFM_1/inst/ifm_struct/envelope_detection/signal_detection/squarereal/op_mem_65_20_reg[0]__0/DSP_OUTPUT_INST/ALU_OUT[10]
                            (rising edge-triggered cell DSP_OUTPUT clocked by clk  {rise@0.000ns fall@1.666ns period=3.333ns})
  Path Group:             clk
  Path Type:              Setup (Max at Slow Process Corner)
  Requirement:            3.333ns  (clk rise@3.333ns - clk rise@0.000ns)
  Data Path Delay:        2.869ns  (logic 2.198ns (76.623%)  route 0.671ns (23.377%))
  Logic Levels:           7  (DSP_A_B_DATA=1 DSP_ALU=2 DSP_M_DATA=1 DSP_MULTIPLIER=1 DSP_OUTPUT=1 DSP_PREADD_DATA=1)
  Clock Path Skew:        0.013ns (DCD - SCD + CPR)
    Destination Clock Delay (DCD):    0.043ns = ( 3.376 - 3.333 ) 
    Source Clock Delay      (SCD):    0.030ns
    Clock Pessimism Removal (CPR):    0.000ns
  Clock Uncertainty:      0.035ns  ((TSJ^2 + TIJ^2)^1/2 + DJ) / 2 + PE
    Total System Jitter     (TSJ):    0.071ns
    Total Input Jitter      (TIJ):    0.000ns
    Discrete Jitter          (DJ):    0.000ns
    Phase Error              (PE):    0.000ns

    Location             Delay type                Incr(ns)  Path(ns)    Netlist Resource(s)
  -------------------------------------------------------------------    -------------------
                         (clock clk rise edge)        0.000     0.000 r  
                                                      0.000     0.000 r  clk (IN)
                         net (fo=10823, unset)        0.030     0.030    <hidden>
    SLICE_X49Y69         FDRE                                         r  <hidden>
  -------------------------------------------------------------------    -------------------
    SLICE_X49Y69         FDRE (Prop_AFF2_SLICEM_C_Q)
                                                      0.080     0.110 f  <hidden>
                         net (fo=5, routed)           0.657     0.767    IFM_bd_i/IFM_1/inst/ifm_struct/envelope_detection/signal_detection/squarereal/mult_46_56__0/B[11]
    DSP48E2_X8Y30        DSP_A_B_DATA (Prop_DSP_A_B_DATA_DSP48E2_B[11]_B2_DATA[11])
                                                      0.151     0.918 r  IFM_bd_i/IFM_1/inst/ifm_struct/envelope_detection/signal_detection/squarereal/mult_46_56__0/DSP_A_B_DATA_INST/B2_DATA[11]
                         net (fo=1, routed)           0.000     0.918    IFM_bd_i/IFM_1/inst/ifm_struct/envelope_detection/signal_detection/squarereal/mult_46_56__0/DSP_A_B_DATA.B2_DATA<11>
    DSP48E2_X8Y30        DSP_PREADD_DATA (Prop_DSP_PREADD_DATA_DSP48E2_B2_DATA[11]_B2B1[11])
                                                      0.073     0.991 r  IFM_bd_i/IFM_1/inst/ifm_struct/envelope_detection/signal_detection/squarereal/mult_46_56__0/DSP_PREADD_DATA_INST/B2B1[11]
                         net (fo=1, routed)           0.000     0.991    IFM_bd_i/IFM_1/inst/ifm_struct/envelope_detection/signal_detection/squarereal/mult_46_56__0/DSP_PREADD_DATA.B2B1<11>
    DSP48E2_X8Y30        DSP_MULTIPLIER (Prop_DSP_MULTIPLIER_DSP48E2_B2B1[11]_V[40])
                                                      0.609     1.600 f  IFM_bd_i/IFM_1/inst/ifm_struct/envelope_detection/signal_detection/squarereal/mult_46_56__0/DSP_MULTIPLIER_INST/V[40]
                         net (fo=1, routed)           0.000     1.600    IFM_bd_i/IFM_1/inst/ifm_struct/envelope_detection/signal_detection/squarereal/mult_46_56__0/DSP_MULTIPLIER.V<40>
    DSP48E2_X8Y30        DSP_M_DATA (Prop_DSP_M_DATA_DSP48E2_V[40]_V_DATA[40])
                                                      0.046     1.646 r  IFM_bd_i/IFM_1/inst/ifm_struct/envelope_detection/signal_detection/squarereal/mult_46_56__0/DSP_M_DATA_INST/V_DATA[40]
                         net (fo=1, routed)           0.000     1.646    IFM_bd_i/IFM_1/inst/ifm_struct/envelope_detection/signal_detection/squarereal/mult_46_56__0/DSP_M_DATA.V_DATA<40>
    DSP48E2_X8Y30        DSP_ALU (Prop_DSP_ALU_DSP48E2_V_DATA[40]_ALU_OUT[47])
                                                      0.571     2.217 f  IFM_bd_i/IFM_1/inst/ifm_struct/envelope_detection/signal_detection/squarereal/mult_46_56__0/DSP_ALU_INST/ALU_OUT[47]
                         net (fo=1, routed)           0.000     2.217    IFM_bd_i/IFM_1/inst/ifm_struct/envelope_detection/signal_detection/squarereal/mult_46_56__0/DSP_ALU.ALU_OUT<47>
    DSP48E2_X8Y30        DSP_OUTPUT (Prop_DSP_OUTPUT_DSP48E2_ALU_OUT[47]_PCOUT[47])
                                                      0.122     2.339 r  IFM_bd_i/IFM_1/inst/ifm_struct/envelope_detection/signal_detection/squarereal/mult_46_56__0/DSP_OUTPUT_INST/PCOUT[47]
                         net (fo=1, routed)           0.014     2.353    IFM_bd_i/IFM_1/inst/ifm_struct/envelope_detection/signal_detection/squarereal/op_mem_65_20_reg[0]__0/PCIN[47]
    DSP48E2_X8Y31        DSP_ALU (Prop_DSP_ALU_DSP48E2_PCIN[47]_ALU_OUT[10])
                                                      0.546     2.899 r  IFM_bd_i/IFM_1/inst/ifm_struct/envelope_detection/signal_detection/squarereal/op_mem_65_20_reg[0]__0/DSP_ALU_INST/ALU_OUT[10]
                         net (fo=1, routed)           0.000     2.899    IFM_bd_i/IFM_1/inst/ifm_struct/envelope_detection/signal_detection/squarereal/op_mem_65_20_reg[0]__0/DSP_ALU.ALU_OUT<10>
    DSP48E2_X8Y31        DSP_OUTPUT                                   r  IFM_bd_i/IFM_1/inst/ifm_struct/envelope_detection/signal_detection/squarereal/op_mem_65_20_reg[0]__0/DSP_OUTPUT_INST/ALU_OUT[10]
  -------------------------------------------------------------------    -------------------

                         (clock clk rise edge)        3.333     3.333 r  
                                                      0.000     3.333 r  clk (IN)
                         net (fo=10823, unset)        0.043     3.376    IFM_bd_i/IFM_1/inst/ifm_struct/envelope_detection/signal_detection/squarereal/op_mem_65_20_reg[0]__0/CLK
    DSP48E2_X8Y31        DSP_OUTPUT                                   r  IFM_bd_i/IFM_1/inst/ifm_struct/envelope_detection/signal_detection/squarereal/op_mem_65_20_reg[0]__0/DSP_OUTPUT_INST/CLK
                         clock pessimism              0.000     3.376    
                         clock uncertainty           -0.035     3.341    
    DSP48E2_X8Y31        DSP_OUTPUT (Setup_DSP_OUTPUT_DSP48E2_CLK_ALU_OUT[10])
                                                      0.015     3.356    IFM_bd_i/IFM_1/inst/ifm_struct/envelope_detection/signal_detection/squarereal/op_mem_65_20_reg[0]__0/DSP_OUTPUT_INST
  -------------------------------------------------------------------
                         required time                          3.356    
                         arrival time                          -2.899    
  -------------------------------------------------------------------
                         slack                                  0.457    

Slack (MET) :             0.457ns  (required time - arrival time)
  Source:                 <hidden>
                            (rising edge-triggered cell FDRE clocked by clk  {rise@0.000ns fall@1.666ns period=3.333ns})
  Destination:            IFM_bd_i/IFM_1/inst/ifm_struct/envelope_detection/signal_detection/squarereal/op_mem_65_20_reg[0]__0/DSP_OUTPUT_INST/ALU_OUT[11]
                            (rising edge-triggered cell DSP_OUTPUT clocked by clk  {rise@0.000ns fall@1.666ns period=3.333ns})
  Path Group:             clk
  Path Type:              Setup (Max at Slow Process Corner)
  Requirement:            3.333ns  (clk rise@3.333ns - clk rise@0.000ns)
  Data Path Delay:        2.869ns  (logic 2.198ns (76.623%)  route 0.671ns (23.377%))
  Logic Levels:           7  (DSP_A_B_DATA=1 DSP_ALU=2 DSP_M_DATA=1 DSP_MULTIPLIER=1 DSP_OUTPUT=1 DSP_PREADD_DATA=1)
  Clock Path Skew:        0.013ns (DCD - SCD + CPR)
    Destination Clock Delay (DCD):    0.043ns = ( 3.376 - 3.333 ) 
    Source Clock Delay      (SCD):    0.030ns
    Clock Pessimism Removal (CPR):    0.000ns
  Clock Uncertainty:      0.035ns  ((TSJ^2 + TIJ^2)^1/2 + DJ) / 2 + PE
    Total System Jitter     (TSJ):    0.071ns
    Total Input Jitter      (TIJ):    0.000ns
    Discrete Jitter          (DJ):    0.000ns
    Phase Error              (PE):    0.000ns

    Location             Delay type                Incr(ns)  Path(ns)    Netlist Resource(s)
  -------------------------------------------------------------------    -------------------
                         (clock clk rise edge)        0.000     0.000 r  
                                                      0.000     0.000 r  clk (IN)
                         net (fo=10823, unset)        0.030     0.030    <hidden>
    SLICE_X49Y69         FDRE                                         r  <hidden>
  -------------------------------------------------------------------    -------------------
    SLICE_X49Y69         FDRE (Prop_AFF2_SLICEM_C_Q)
                                                      0.080     0.110 f  <hidden>
                         net (fo=5, routed)           0.657     0.767    IFM_bd_i/IFM_1/inst/ifm_struct/envelope_detection/signal_detection/squarereal/mult_46_56__0/B[11]
    DSP48E2_X8Y30        DSP_A_B_DATA (Prop_DSP_A_B_DATA_DSP48E2_B[11]_B2_DATA[11])
                                                      0.151     0.918 r  IFM_bd_i/IFM_1/inst/ifm_struct/envelope_detection/signal_detection/squarereal/mult_46_56__0/DSP_A_B_DATA_INST/B2_DATA[11]
                         net (fo=1, routed)           0.000     0.918    IFM_bd_i/IFM_1/inst/ifm_struct/envelope_detection/signal_detection/squarereal/mult_46_56__0/DSP_A_B_DATA.B2_DATA<11>
    DSP48E2_X8Y30        DSP_PREADD_DATA (Prop_DSP_PREADD_DATA_DSP48E2_B2_DATA[11]_B2B1[11])
                                                      0.073     0.991 r  IFM_bd_i/IFM_1/inst/ifm_struct/envelope_detection/signal_detection/squarereal/mult_46_56__0/DSP_PREADD_DATA_INST/B2B1[11]
                         net (fo=1, routed)           0.000     0.991    IFM_bd_i/IFM_1/inst/ifm_struct/envelope_detection/signal_detection/squarereal/mult_46_56__0/DSP_PREADD_DATA.B2B1<11>
    DSP48E2_X8Y30        DSP_MULTIPLIER (Prop_DSP_MULTIPLIER_DSP48E2_B2B1[11]_V[40])
                                                      0.609     1.600 f  IFM_bd_i/IFM_1/inst/ifm_struct/envelope_detection/signal_detection/squarereal/mult_46_56__0/DSP_MULTIPLIER_INST/V[40]
                         net (fo=1, routed)           0.000     1.600    IFM_bd_i/IFM_1/inst/ifm_struct/envelope_detection/signal_detection/squarereal/mult_46_56__0/DSP_MULTIPLIER.V<40>
    DSP48E2_X8Y30        DSP_M_DATA (Prop_DSP_M_DATA_DSP48E2_V[40]_V_DATA[40])
                                                      0.046     1.646 r  IFM_bd_i/IFM_1/inst/ifm_struct/envelope_detection/signal_detection/squarereal/mult_46_56__0/DSP_M_DATA_INST/V_DATA[40]
                         net (fo=1, routed)           0.000     1.646    IFM_bd_i/IFM_1/inst/ifm_struct/envelope_detection/signal_detection/squarereal/mult_46_56__0/DSP_M_DATA.V_DATA<40>
    DSP48E2_X8Y30        DSP_ALU (Prop_DSP_ALU_DSP48E2_V_DATA[40]_ALU_OUT[47])
                                                      0.571     2.217 f  IFM_bd_i/IFM_1/inst/ifm_struct/envelope_detection/signal_detection/squarereal/mult_46_56__0/DSP_ALU_INST/ALU_OUT[47]
                         net (fo=1, routed)           0.000     2.217    IFM_bd_i/IFM_1/inst/ifm_struct/envelope_detection/signal_detection/squarereal/mult_46_56__0/DSP_ALU.ALU_OUT<47>
    DSP48E2_X8Y30        DSP_OUTPUT (Prop_DSP_OUTPUT_DSP48E2_ALU_OUT[47]_PCOUT[47])
                                                      0.122     2.339 r  IFM_bd_i/IFM_1/inst/ifm_struct/envelope_detection/signal_detection/squarereal/mult_46_56__0/DSP_OUTPUT_INST/PCOUT[47]
                         net (fo=1, routed)           0.014     2.353    IFM_bd_i/IFM_1/inst/ifm_struct/envelope_detection/signal_detection/squarereal/op_mem_65_20_reg[0]__0/PCIN[47]
    DSP48E2_X8Y31        DSP_ALU (Prop_DSP_ALU_DSP48E2_PCIN[47]_ALU_OUT[11])
                                                      0.546     2.899 r  IFM_bd_i/IFM_1/inst/ifm_struct/envelope_detection/signal_detection/squarereal/op_mem_65_20_reg[0]__0/DSP_ALU_INST/ALU_OUT[11]
                         net (fo=1, routed)           0.000     2.899    IFM_bd_i/IFM_1/inst/ifm_struct/envelope_detection/signal_detection/squarereal/op_mem_65_20_reg[0]__0/DSP_ALU.ALU_OUT<11>
    DSP48E2_X8Y31        DSP_OUTPUT                                   r  IFM_bd_i/IFM_1/inst/ifm_struct/envelope_detection/signal_detection/squarereal/op_mem_65_20_reg[0]__0/DSP_OUTPUT_INST/ALU_OUT[11]
  -------------------------------------------------------------------    -------------------

                         (clock clk rise edge)        3.333     3.333 r  
                                                      0.000     3.333 r  clk (IN)
                         net (fo=10823, unset)        0.043     3.376    IFM_bd_i/IFM_1/inst/ifm_struct/envelope_detection/signal_detection/squarereal/op_mem_65_20_reg[0]__0/CLK
    DSP48E2_X8Y31        DSP_OUTPUT                                   r  IFM_bd_i/IFM_1/inst/ifm_struct/envelope_detection/signal_detection/squarereal/op_mem_65_20_reg[0]__0/DSP_OUTPUT_INST/CLK
                         clock pessimism              0.000     3.376    
                         clock uncertainty           -0.035     3.341    
    DSP48E2_X8Y31        DSP_OUTPUT (Setup_DSP_OUTPUT_DSP48E2_CLK_ALU_OUT[11])
                                                      0.015     3.356    IFM_bd_i/IFM_1/inst/ifm_struct/envelope_detection/signal_detection/squarereal/op_mem_65_20_reg[0]__0/DSP_OUTPUT_INST
  -------------------------------------------------------------------
                         required time                          3.356    
                         arrival time                          -2.899    
  -------------------------------------------------------------------
                         slack                                  0.457    

Slack (MET) :             0.457ns  (required time - arrival time)
  Source:                 <hidden>
                            (rising edge-triggered cell FDRE clocked by clk  {rise@0.000ns fall@1.666ns period=3.333ns})
  Destination:            IFM_bd_i/IFM_1/inst/ifm_struct/envelope_detection/signal_detection/squarereal/op_mem_65_20_reg[0]__0/DSP_OUTPUT_INST/ALU_OUT[12]
                            (rising edge-triggered cell DSP_OUTPUT clocked by clk  {rise@0.000ns fall@1.666ns period=3.333ns})
  Path Group:             clk
  Path Type:              Setup (Max at Slow Process Corner)
  Requirement:            3.333ns  (clk rise@3.333ns - clk rise@0.000ns)
  Data Path Delay:        2.869ns  (logic 2.198ns (76.623%)  route 0.671ns (23.377%))
  Logic Levels:           7  (DSP_A_B_DATA=1 DSP_ALU=2 DSP_M_DATA=1 DSP_MULTIPLIER=1 DSP_OUTPUT=1 DSP_PREADD_DATA=1)
  Clock Path Skew:        0.013ns (DCD - SCD + CPR)
    Destination Clock Delay (DCD):    0.043ns = ( 3.376 - 3.333 ) 
    Source Clock Delay      (SCD):    0.030ns
    Clock Pessimism Removal (CPR):    0.000ns
  Clock Uncertainty:      0.035ns  ((TSJ^2 + TIJ^2)^1/2 + DJ) / 2 + PE
    Total System Jitter     (TSJ):    0.071ns
    Total Input Jitter      (TIJ):    0.000ns
    Discrete Jitter          (DJ):    0.000ns
    Phase Error              (PE):    0.000ns

    Location             Delay type                Incr(ns)  Path(ns)    Netlist Resource(s)
  -------------------------------------------------------------------    -------------------
                         (clock clk rise edge)        0.000     0.000 r  
                                                      0.000     0.000 r  clk (IN)
                         net (fo=10823, unset)        0.030     0.030    <hidden>
    SLICE_X49Y69         FDRE                                         r  <hidden>
  -------------------------------------------------------------------    -------------------
    SLICE_X49Y69         FDRE (Prop_AFF2_SLICEM_C_Q)
                                                      0.080     0.110 f  <hidden>
                         net (fo=5, routed)           0.657     0.767    IFM_bd_i/IFM_1/inst/ifm_struct/envelope_detection/signal_detection/squarereal/mult_46_56__0/B[11]
    DSP48E2_X8Y30        DSP_A_B_DATA (Prop_DSP_A_B_DATA_DSP48E2_B[11]_B2_DATA[11])
                                                      0.151     0.918 r  IFM_bd_i/IFM_1/inst/ifm_struct/envelope_detection/signal_detection/squarereal/mult_46_56__0/DSP_A_B_DATA_INST/B2_DATA[11]
                         net (fo=1, routed)           0.000     0.918    IFM_bd_i/IFM_1/inst/ifm_struct/envelope_detection/signal_detection/squarereal/mult_46_56__0/DSP_A_B_DATA.B2_DATA<11>
    DSP48E2_X8Y30        DSP_PREADD_DATA (Prop_DSP_PREADD_DATA_DSP48E2_B2_DATA[11]_B2B1[11])
                                                      0.073     0.991 r  IFM_bd_i/IFM_1/inst/ifm_struct/envelope_detection/signal_detection/squarereal/mult_46_56__0/DSP_PREADD_DATA_INST/B2B1[11]
                         net (fo=1, routed)           0.000     0.991    IFM_bd_i/IFM_1/inst/ifm_struct/envelope_detection/signal_detection/squarereal/mult_46_56__0/DSP_PREADD_DATA.B2B1<11>
    DSP48E2_X8Y30        DSP_MULTIPLIER (Prop_DSP_MULTIPLIER_DSP48E2_B2B1[11]_V[40])
                                                      0.609     1.600 f  IFM_bd_i/IFM_1/inst/ifm_struct/envelope_detection/signal_detection/squarereal/mult_46_56__0/DSP_MULTIPLIER_INST/V[40]
                         net (fo=1, routed)           0.000     1.600    IFM_bd_i/IFM_1/inst/ifm_struct/envelope_detection/signal_detection/squarereal/mult_46_56__0/DSP_MULTIPLIER.V<40>
    DSP48E2_X8Y30        DSP_M_DATA (Prop_DSP_M_DATA_DSP48E2_V[40]_V_DATA[40])
                                                      0.046     1.646 r  IFM_bd_i/IFM_1/inst/ifm_struct/envelope_detection/signal_detection/squarereal/mult_46_56__0/DSP_M_DATA_INST/V_DATA[40]
                         net (fo=1, routed)           0.000     1.646    IFM_bd_i/IFM_1/inst/ifm_struct/envelope_detection/signal_detection/squarereal/mult_46_56__0/DSP_M_DATA.V_DATA<40>
    DSP48E2_X8Y30        DSP_ALU (Prop_DSP_ALU_DSP48E2_V_DATA[40]_ALU_OUT[47])
                                                      0.571     2.217 f  IFM_bd_i/IFM_1/inst/ifm_struct/envelope_detection/signal_detection/squarereal/mult_46_56__0/DSP_ALU_INST/ALU_OUT[47]
                         net (fo=1, routed)           0.000     2.217    IFM_bd_i/IFM_1/inst/ifm_struct/envelope_detection/signal_detection/squarereal/mult_46_56__0/DSP_ALU.ALU_OUT<47>
    DSP48E2_X8Y30        DSP_OUTPUT (Prop_DSP_OUTPUT_DSP48E2_ALU_OUT[47]_PCOUT[47])
                                                      0.122     2.339 r  IFM_bd_i/IFM_1/inst/ifm_struct/envelope_detection/signal_detection/squarereal/mult_46_56__0/DSP_OUTPUT_INST/PCOUT[47]
                         net (fo=1, routed)           0.014     2.353    IFM_bd_i/IFM_1/inst/ifm_struct/envelope_detection/signal_detection/squarereal/op_mem_65_20_reg[0]__0/PCIN[47]
    DSP48E2_X8Y31        DSP_ALU (Prop_DSP_ALU_DSP48E2_PCIN[47]_ALU_OUT[12])
                                                      0.546     2.899 r  IFM_bd_i/IFM_1/inst/ifm_struct/envelope_detection/signal_detection/squarereal/op_mem_65_20_reg[0]__0/DSP_ALU_INST/ALU_OUT[12]
                         net (fo=1, routed)           0.000     2.899    IFM_bd_i/IFM_1/inst/ifm_struct/envelope_detection/signal_detection/squarereal/op_mem_65_20_reg[0]__0/DSP_ALU.ALU_OUT<12>
    DSP48E2_X8Y31        DSP_OUTPUT                                   r  IFM_bd_i/IFM_1/inst/ifm_struct/envelope_detection/signal_detection/squarereal/op_mem_65_20_reg[0]__0/DSP_OUTPUT_INST/ALU_OUT[12]
  -------------------------------------------------------------------    -------------------

                         (clock clk rise edge)        3.333     3.333 r  
                                                      0.000     3.333 r  clk (IN)
                         net (fo=10823, unset)        0.043     3.376    IFM_bd_i/IFM_1/inst/ifm_struct/envelope_detection/signal_detection/squarereal/op_mem_65_20_reg[0]__0/CLK
    DSP48E2_X8Y31        DSP_OUTPUT                                   r  IFM_bd_i/IFM_1/inst/ifm_struct/envelope_detection/signal_detection/squarereal/op_mem_65_20_reg[0]__0/DSP_OUTPUT_INST/CLK
                         clock pessimism              0.000     3.376    
                         clock uncertainty           -0.035     3.341    
    DSP48E2_X8Y31        DSP_OUTPUT (Setup_DSP_OUTPUT_DSP48E2_CLK_ALU_OUT[12])
                                                      0.015     3.356    IFM_bd_i/IFM_1/inst/ifm_struct/envelope_detection/signal_detection/squarereal/op_mem_65_20_reg[0]__0/DSP_OUTPUT_INST
  -------------------------------------------------------------------
                         required time                          3.356    
                         arrival time                          -2.899    
  -------------------------------------------------------------------
                         slack                                  0.457    

Slack (MET) :             0.457ns  (required time - arrival time)
  Source:                 <hidden>
                            (rising edge-triggered cell FDRE clocked by clk  {rise@0.000ns fall@1.666ns period=3.333ns})
  Destination:            IFM_bd_i/IFM_1/inst/ifm_struct/envelope_detection/signal_detection/squarereal/op_mem_65_20_reg[0]__0/DSP_OUTPUT_INST/ALU_OUT[13]
                            (rising edge-triggered cell DSP_OUTPUT clocked by clk  {rise@0.000ns fall@1.666ns period=3.333ns})
  Path Group:             clk
  Path Type:              Setup (Max at Slow Process Corner)
  Requirement:            3.333ns  (clk rise@3.333ns - clk rise@0.000ns)
  Data Path Delay:        2.869ns  (logic 2.198ns (76.623%)  route 0.671ns (23.377%))
  Logic Levels:           7  (DSP_A_B_DATA=1 DSP_ALU=2 DSP_M_DATA=1 DSP_MULTIPLIER=1 DSP_OUTPUT=1 DSP_PREADD_DATA=1)
  Clock Path Skew:        0.013ns (DCD - SCD + CPR)
    Destination Clock Delay (DCD):    0.043ns = ( 3.376 - 3.333 ) 
    Source Clock Delay      (SCD):    0.030ns
    Clock Pessimism Removal (CPR):    0.000ns
  Clock Uncertainty:      0.035ns  ((TSJ^2 + TIJ^2)^1/2 + DJ) / 2 + PE
    Total System Jitter     (TSJ):    0.071ns
    Total Input Jitter      (TIJ):    0.000ns
    Discrete Jitter          (DJ):    0.000ns
    Phase Error              (PE):    0.000ns

    Location             Delay type                Incr(ns)  Path(ns)    Netlist Resource(s)
  -------------------------------------------------------------------    -------------------
                         (clock clk rise edge)        0.000     0.000 r  
                                                      0.000     0.000 r  clk (IN)
                         net (fo=10823, unset)        0.030     0.030    <hidden>
    SLICE_X49Y69         FDRE                                         r  <hidden>
  -------------------------------------------------------------------    -------------------
    SLICE_X49Y69         FDRE (Prop_AFF2_SLICEM_C_Q)
                                                      0.080     0.110 f  <hidden>
                         net (fo=5, routed)           0.657     0.767    IFM_bd_i/IFM_1/inst/ifm_struct/envelope_detection/signal_detection/squarereal/mult_46_56__0/B[11]
    DSP48E2_X8Y30        DSP_A_B_DATA (Prop_DSP_A_B_DATA_DSP48E2_B[11]_B2_DATA[11])
                                                      0.151     0.918 r  IFM_bd_i/IFM_1/inst/ifm_struct/envelope_detection/signal_detection/squarereal/mult_46_56__0/DSP_A_B_DATA_INST/B2_DATA[11]
                         net (fo=1, routed)           0.000     0.918    IFM_bd_i/IFM_1/inst/ifm_struct/envelope_detection/signal_detection/squarereal/mult_46_56__0/DSP_A_B_DATA.B2_DATA<11>
    DSP48E2_X8Y30        DSP_PREADD_DATA (Prop_DSP_PREADD_DATA_DSP48E2_B2_DATA[11]_B2B1[11])
                                                      0.073     0.991 r  IFM_bd_i/IFM_1/inst/ifm_struct/envelope_detection/signal_detection/squarereal/mult_46_56__0/DSP_PREADD_DATA_INST/B2B1[11]
                         net (fo=1, routed)           0.000     0.991    IFM_bd_i/IFM_1/inst/ifm_struct/envelope_detection/signal_detection/squarereal/mult_46_56__0/DSP_PREADD_DATA.B2B1<11>
    DSP48E2_X8Y30        DSP_MULTIPLIER (Prop_DSP_MULTIPLIER_DSP48E2_B2B1[11]_V[40])
                                                      0.609     1.600 f  IFM_bd_i/IFM_1/inst/ifm_struct/envelope_detection/signal_detection/squarereal/mult_46_56__0/DSP_MULTIPLIER_INST/V[40]
                         net (fo=1, routed)           0.000     1.600    IFM_bd_i/IFM_1/inst/ifm_struct/envelope_detection/signal_detection/squarereal/mult_46_56__0/DSP_MULTIPLIER.V<40>
    DSP48E2_X8Y30        DSP_M_DATA (Prop_DSP_M_DATA_DSP48E2_V[40]_V_DATA[40])
                                                      0.046     1.646 r  IFM_bd_i/IFM_1/inst/ifm_struct/envelope_detection/signal_detection/squarereal/mult_46_56__0/DSP_M_DATA_INST/V_DATA[40]
                         net (fo=1, routed)           0.000     1.646    IFM_bd_i/IFM_1/inst/ifm_struct/envelope_detection/signal_detection/squarereal/mult_46_56__0/DSP_M_DATA.V_DATA<40>
    DSP48E2_X8Y30        DSP_ALU (Prop_DSP_ALU_DSP48E2_V_DATA[40]_ALU_OUT[47])
                                                      0.571     2.217 f  IFM_bd_i/IFM_1/inst/ifm_struct/envelope_detection/signal_detection/squarereal/mult_46_56__0/DSP_ALU_INST/ALU_OUT[47]
                         net (fo=1, routed)           0.000     2.217    IFM_bd_i/IFM_1/inst/ifm_struct/envelope_detection/signal_detection/squarereal/mult_46_56__0/DSP_ALU.ALU_OUT<47>
    DSP48E2_X8Y30        DSP_OUTPUT (Prop_DSP_OUTPUT_DSP48E2_ALU_OUT[47]_PCOUT[47])
                                                      0.122     2.339 r  IFM_bd_i/IFM_1/inst/ifm_struct/envelope_detection/signal_detection/squarereal/mult_46_56__0/DSP_OUTPUT_INST/PCOUT[47]
                         net (fo=1, routed)           0.014     2.353    IFM_bd_i/IFM_1/inst/ifm_struct/envelope_detection/signal_detection/squarereal/op_mem_65_20_reg[0]__0/PCIN[47]
    DSP48E2_X8Y31        DSP_ALU (Prop_DSP_ALU_DSP48E2_PCIN[47]_ALU_OUT[13])
                                                      0.546     2.899 r  IFM_bd_i/IFM_1/inst/ifm_struct/envelope_detection/signal_detection/squarereal/op_mem_65_20_reg[0]__0/DSP_ALU_INST/ALU_OUT[13]
                         net (fo=1, routed)           0.000     2.899    IFM_bd_i/IFM_1/inst/ifm_struct/envelope_detection/signal_detection/squarereal/op_mem_65_20_reg[0]__0/DSP_ALU.ALU_OUT<13>
    DSP48E2_X8Y31        DSP_OUTPUT                                   r  IFM_bd_i/IFM_1/inst/ifm_struct/envelope_detection/signal_detection/squarereal/op_mem_65_20_reg[0]__0/DSP_OUTPUT_INST/ALU_OUT[13]
  -------------------------------------------------------------------    -------------------

                         (clock clk rise edge)        3.333     3.333 r  
                                                      0.000     3.333 r  clk (IN)
                         net (fo=10823, unset)        0.043     3.376    IFM_bd_i/IFM_1/inst/ifm_struct/envelope_detection/signal_detection/squarereal/op_mem_65_20_reg[0]__0/CLK
    DSP48E2_X8Y31        DSP_OUTPUT                                   r  IFM_bd_i/IFM_1/inst/ifm_struct/envelope_detection/signal_detection/squarereal/op_mem_65_20_reg[0]__0/DSP_OUTPUT_INST/CLK
                         clock pessimism              0.000     3.376    
                         clock uncertainty           -0.035     3.341    
    DSP48E2_X8Y31        DSP_OUTPUT (Setup_DSP_OUTPUT_DSP48E2_CLK_ALU_OUT[13])
                                                      0.015     3.356    IFM_bd_i/IFM_1/inst/ifm_struct/envelope_detection/signal_detection/squarereal/op_mem_65_20_reg[0]__0/DSP_OUTPUT_INST
  -------------------------------------------------------------------
                         required time                          3.356    
                         arrival time                          -2.899    
  -------------------------------------------------------------------
                         slack                                  0.457    

Slack (MET) :             0.457ns  (required time - arrival time)
  Source:                 <hidden>
                            (rising edge-triggered cell FDRE clocked by clk  {rise@0.000ns fall@1.666ns period=3.333ns})
  Destination:            IFM_bd_i/IFM_1/inst/ifm_struct/envelope_detection/signal_detection/squarereal/op_mem_65_20_reg[0]__0/DSP_OUTPUT_INST/ALU_OUT[14]
                            (rising edge-triggered cell DSP_OUTPUT clocked by clk  {rise@0.000ns fall@1.666ns period=3.333ns})
  Path Group:             clk
  Path Type:              Setup (Max at Slow Process Corner)
  Requirement:            3.333ns  (clk rise@3.333ns - clk rise@0.000ns)
  Data Path Delay:        2.869ns  (logic 2.198ns (76.623%)  route 0.671ns (23.377%))
  Logic Levels:           7  (DSP_A_B_DATA=1 DSP_ALU=2 DSP_M_DATA=1 DSP_MULTIPLIER=1 DSP_OUTPUT=1 DSP_PREADD_DATA=1)
  Clock Path Skew:        0.013ns (DCD - SCD + CPR)
    Destination Clock Delay (DCD):    0.043ns = ( 3.376 - 3.333 ) 
    Source Clock Delay      (SCD):    0.030ns
    Clock Pessimism Removal (CPR):    0.000ns
  Clock Uncertainty:      0.035ns  ((TSJ^2 + TIJ^2)^1/2 + DJ) / 2 + PE
    Total System Jitter     (TSJ):    0.071ns
    Total Input Jitter      (TIJ):    0.000ns
    Discrete Jitter          (DJ):    0.000ns
    Phase Error              (PE):    0.000ns

    Location             Delay type                Incr(ns)  Path(ns)    Netlist Resource(s)
  -------------------------------------------------------------------    -------------------
                         (clock clk rise edge)        0.000     0.000 r  
                                                      0.000     0.000 r  clk (IN)
                         net (fo=10823, unset)        0.030     0.030    <hidden>
    SLICE_X49Y69         FDRE                                         r  <hidden>
  -------------------------------------------------------------------    -------------------
    SLICE_X49Y69         FDRE (Prop_AFF2_SLICEM_C_Q)
                                                      0.080     0.110 f  <hidden>
                         net (fo=5, routed)           0.657     0.767    IFM_bd_i/IFM_1/inst/ifm_struct/envelope_detection/signal_detection/squarereal/mult_46_56__0/B[11]
    DSP48E2_X8Y30        DSP_A_B_DATA (Prop_DSP_A_B_DATA_DSP48E2_B[11]_B2_DATA[11])
                                                      0.151     0.918 r  IFM_bd_i/IFM_1/inst/ifm_struct/envelope_detection/signal_detection/squarereal/mult_46_56__0/DSP_A_B_DATA_INST/B2_DATA[11]
                         net (fo=1, routed)           0.000     0.918    IFM_bd_i/IFM_1/inst/ifm_struct/envelope_detection/signal_detection/squarereal/mult_46_56__0/DSP_A_B_DATA.B2_DATA<11>
    DSP48E2_X8Y30        DSP_PREADD_DATA (Prop_DSP_PREADD_DATA_DSP48E2_B2_DATA[11]_B2B1[11])
                                                      0.073     0.991 r  IFM_bd_i/IFM_1/inst/ifm_struct/envelope_detection/signal_detection/squarereal/mult_46_56__0/DSP_PREADD_DATA_INST/B2B1[11]
                         net (fo=1, routed)           0.000     0.991    IFM_bd_i/IFM_1/inst/ifm_struct/envelope_detection/signal_detection/squarereal/mult_46_56__0/DSP_PREADD_DATA.B2B1<11>
    DSP48E2_X8Y30        DSP_MULTIPLIER (Prop_DSP_MULTIPLIER_DSP48E2_B2B1[11]_V[40])
                                                      0.609     1.600 f  IFM_bd_i/IFM_1/inst/ifm_struct/envelope_detection/signal_detection/squarereal/mult_46_56__0/DSP_MULTIPLIER_INST/V[40]
                         net (fo=1, routed)           0.000     1.600    IFM_bd_i/IFM_1/inst/ifm_struct/envelope_detection/signal_detection/squarereal/mult_46_56__0/DSP_MULTIPLIER.V<40>
    DSP48E2_X8Y30        DSP_M_DATA (Prop_DSP_M_DATA_DSP48E2_V[40]_V_DATA[40])
                                                      0.046     1.646 r  IFM_bd_i/IFM_1/inst/ifm_struct/envelope_detection/signal_detection/squarereal/mult_46_56__0/DSP_M_DATA_INST/V_DATA[40]
                         net (fo=1, routed)           0.000     1.646    IFM_bd_i/IFM_1/inst/ifm_struct/envelope_detection/signal_detection/squarereal/mult_46_56__0/DSP_M_DATA.V_DATA<40>
    DSP48E2_X8Y30        DSP_ALU (Prop_DSP_ALU_DSP48E2_V_DATA[40]_ALU_OUT[47])
                                                      0.571     2.217 f  IFM_bd_i/IFM_1/inst/ifm_struct/envelope_detection/signal_detection/squarereal/mult_46_56__0/DSP_ALU_INST/ALU_OUT[47]
                         net (fo=1, routed)           0.000     2.217    IFM_bd_i/IFM_1/inst/ifm_struct/envelope_detection/signal_detection/squarereal/mult_46_56__0/DSP_ALU.ALU_OUT<47>
    DSP48E2_X8Y30        DSP_OUTPUT (Prop_DSP_OUTPUT_DSP48E2_ALU_OUT[47]_PCOUT[47])
                                                      0.122     2.339 r  IFM_bd_i/IFM_1/inst/ifm_struct/envelope_detection/signal_detection/squarereal/mult_46_56__0/DSP_OUTPUT_INST/PCOUT[47]
                         net (fo=1, routed)           0.014     2.353    IFM_bd_i/IFM_1/inst/ifm_struct/envelope_detection/signal_detection/squarereal/op_mem_65_20_reg[0]__0/PCIN[47]
    DSP48E2_X8Y31        DSP_ALU (Prop_DSP_ALU_DSP48E2_PCIN[47]_ALU_OUT[14])
                                                      0.546     2.899 r  IFM_bd_i/IFM_1/inst/ifm_struct/envelope_detection/signal_detection/squarereal/op_mem_65_20_reg[0]__0/DSP_ALU_INST/ALU_OUT[14]
                         net (fo=1, routed)           0.000     2.899    IFM_bd_i/IFM_1/inst/ifm_struct/envelope_detection/signal_detection/squarereal/op_mem_65_20_reg[0]__0/DSP_ALU.ALU_OUT<14>
    DSP48E2_X8Y31        DSP_OUTPUT                                   r  IFM_bd_i/IFM_1/inst/ifm_struct/envelope_detection/signal_detection/squarereal/op_mem_65_20_reg[0]__0/DSP_OUTPUT_INST/ALU_OUT[14]
  -------------------------------------------------------------------    -------------------

                         (clock clk rise edge)        3.333     3.333 r  
                                                      0.000     3.333 r  clk (IN)
                         net (fo=10823, unset)        0.043     3.376    IFM_bd_i/IFM_1/inst/ifm_struct/envelope_detection/signal_detection/squarereal/op_mem_65_20_reg[0]__0/CLK
    DSP48E2_X8Y31        DSP_OUTPUT                                   r  IFM_bd_i/IFM_1/inst/ifm_struct/envelope_detection/signal_detection/squarereal/op_mem_65_20_reg[0]__0/DSP_OUTPUT_INST/CLK
                         clock pessimism              0.000     3.376    
                         clock uncertainty           -0.035     3.341    
    DSP48E2_X8Y31        DSP_OUTPUT (Setup_DSP_OUTPUT_DSP48E2_CLK_ALU_OUT[14])
                                                      0.015     3.356    IFM_bd_i/IFM_1/inst/ifm_struct/envelope_detection/signal_detection/squarereal/op_mem_65_20_reg[0]__0/DSP_OUTPUT_INST
  -------------------------------------------------------------------
                         required time                          3.356    
                         arrival time                          -2.899    
  -------------------------------------------------------------------
                         slack                                  0.457    

Slack (MET) :             0.457ns  (required time - arrival time)
  Source:                 <hidden>
                            (rising edge-triggered cell FDRE clocked by clk  {rise@0.000ns fall@1.666ns period=3.333ns})
  Destination:            IFM_bd_i/IFM_1/inst/ifm_struct/envelope_detection/signal_detection/squarereal/op_mem_65_20_reg[0]__0/DSP_OUTPUT_INST/ALU_OUT[15]
                            (rising edge-triggered cell DSP_OUTPUT clocked by clk  {rise@0.000ns fall@1.666ns period=3.333ns})
  Path Group:             clk
  Path Type:              Setup (Max at Slow Process Corner)
  Requirement:            3.333ns  (clk rise@3.333ns - clk rise@0.000ns)
  Data Path Delay:        2.869ns  (logic 2.198ns (76.623%)  route 0.671ns (23.377%))
  Logic Levels:           7  (DSP_A_B_DATA=1 DSP_ALU=2 DSP_M_DATA=1 DSP_MULTIPLIER=1 DSP_OUTPUT=1 DSP_PREADD_DATA=1)
  Clock Path Skew:        0.013ns (DCD - SCD + CPR)
    Destination Clock Delay (DCD):    0.043ns = ( 3.376 - 3.333 ) 
    Source Clock Delay      (SCD):    0.030ns
    Clock Pessimism Removal (CPR):    0.000ns
  Clock Uncertainty:      0.035ns  ((TSJ^2 + TIJ^2)^1/2 + DJ) / 2 + PE
    Total System Jitter     (TSJ):    0.071ns
    Total Input Jitter      (TIJ):    0.000ns
    Discrete Jitter          (DJ):    0.000ns
    Phase Error              (PE):    0.000ns

    Location             Delay type                Incr(ns)  Path(ns)    Netlist Resource(s)
  -------------------------------------------------------------------    -------------------
                         (clock clk rise edge)        0.000     0.000 r  
                                                      0.000     0.000 r  clk (IN)
                         net (fo=10823, unset)        0.030     0.030    <hidden>
    SLICE_X49Y69         FDRE                                         r  <hidden>
  -------------------------------------------------------------------    -------------------
    SLICE_X49Y69         FDRE (Prop_AFF2_SLICEM_C_Q)
                                                      0.080     0.110 f  <hidden>
                         net (fo=5, routed)           0.657     0.767    IFM_bd_i/IFM_1/inst/ifm_struct/envelope_detection/signal_detection/squarereal/mult_46_56__0/B[11]
    DSP48E2_X8Y30        DSP_A_B_DATA (Prop_DSP_A_B_DATA_DSP48E2_B[11]_B2_DATA[11])
                                                      0.151     0.918 r  IFM_bd_i/IFM_1/inst/ifm_struct/envelope_detection/signal_detection/squarereal/mult_46_56__0/DSP_A_B_DATA_INST/B2_DATA[11]
                         net (fo=1, routed)           0.000     0.918    IFM_bd_i/IFM_1/inst/ifm_struct/envelope_detection/signal_detection/squarereal/mult_46_56__0/DSP_A_B_DATA.B2_DATA<11>
    DSP48E2_X8Y30        DSP_PREADD_DATA (Prop_DSP_PREADD_DATA_DSP48E2_B2_DATA[11]_B2B1[11])
                                                      0.073     0.991 r  IFM_bd_i/IFM_1/inst/ifm_struct/envelope_detection/signal_detection/squarereal/mult_46_56__0/DSP_PREADD_DATA_INST/B2B1[11]
                         net (fo=1, routed)           0.000     0.991    IFM_bd_i/IFM_1/inst/ifm_struct/envelope_detection/signal_detection/squarereal/mult_46_56__0/DSP_PREADD_DATA.B2B1<11>
    DSP48E2_X8Y30        DSP_MULTIPLIER (Prop_DSP_MULTIPLIER_DSP48E2_B2B1[11]_V[40])
                                                      0.609     1.600 f  IFM_bd_i/IFM_1/inst/ifm_struct/envelope_detection/signal_detection/squarereal/mult_46_56__0/DSP_MULTIPLIER_INST/V[40]
                         net (fo=1, routed)           0.000     1.600    IFM_bd_i/IFM_1/inst/ifm_struct/envelope_detection/signal_detection/squarereal/mult_46_56__0/DSP_MULTIPLIER.V<40>
    DSP48E2_X8Y30        DSP_M_DATA (Prop_DSP_M_DATA_DSP48E2_V[40]_V_DATA[40])
                                                      0.046     1.646 r  IFM_bd_i/IFM_1/inst/ifm_struct/envelope_detection/signal_detection/squarereal/mult_46_56__0/DSP_M_DATA_INST/V_DATA[40]
                         net (fo=1, routed)           0.000     1.646    IFM_bd_i/IFM_1/inst/ifm_struct/envelope_detection/signal_detection/squarereal/mult_46_56__0/DSP_M_DATA.V_DATA<40>
    DSP48E2_X8Y30        DSP_ALU (Prop_DSP_ALU_DSP48E2_V_DATA[40]_ALU_OUT[47])
                                                      0.571     2.217 f  IFM_bd_i/IFM_1/inst/ifm_struct/envelope_detection/signal_detection/squarereal/mult_46_56__0/DSP_ALU_INST/ALU_OUT[47]
                         net (fo=1, routed)           0.000     2.217    IFM_bd_i/IFM_1/inst/ifm_struct/envelope_detection/signal_detection/squarereal/mult_46_56__0/DSP_ALU.ALU_OUT<47>
    DSP48E2_X8Y30        DSP_OUTPUT (Prop_DSP_OUTPUT_DSP48E2_ALU_OUT[47]_PCOUT[47])
                                                      0.122     2.339 r  IFM_bd_i/IFM_1/inst/ifm_struct/envelope_detection/signal_detection/squarereal/mult_46_56__0/DSP_OUTPUT_INST/PCOUT[47]
                         net (fo=1, routed)           0.014     2.353    IFM_bd_i/IFM_1/inst/ifm_struct/envelope_detection/signal_detection/squarereal/op_mem_65_20_reg[0]__0/PCIN[47]
    DSP48E2_X8Y31        DSP_ALU (Prop_DSP_ALU_DSP48E2_PCIN[47]_ALU_OUT[15])
                                                      0.546     2.899 r  IFM_bd_i/IFM_1/inst/ifm_struct/envelope_detection/signal_detection/squarereal/op_mem_65_20_reg[0]__0/DSP_ALU_INST/ALU_OUT[15]
                         net (fo=1, routed)           0.000     2.899    IFM_bd_i/IFM_1/inst/ifm_struct/envelope_detection/signal_detection/squarereal/op_mem_65_20_reg[0]__0/DSP_ALU.ALU_OUT<15>
    DSP48E2_X8Y31        DSP_OUTPUT                                   r  IFM_bd_i/IFM_1/inst/ifm_struct/envelope_detection/signal_detection/squarereal/op_mem_65_20_reg[0]__0/DSP_OUTPUT_INST/ALU_OUT[15]
  -------------------------------------------------------------------    -------------------

                         (clock clk rise edge)        3.333     3.333 r  
                                                      0.000     3.333 r  clk (IN)
                         net (fo=10823, unset)        0.043     3.376    IFM_bd_i/IFM_1/inst/ifm_struct/envelope_detection/signal_detection/squarereal/op_mem_65_20_reg[0]__0/CLK
    DSP48E2_X8Y31        DSP_OUTPUT                                   r  IFM_bd_i/IFM_1/inst/ifm_struct/envelope_detection/signal_detection/squarereal/op_mem_65_20_reg[0]__0/DSP_OUTPUT_INST/CLK
                         clock pessimism              0.000     3.376    
                         clock uncertainty           -0.035     3.341    
    DSP48E2_X8Y31        DSP_OUTPUT (Setup_DSP_OUTPUT_DSP48E2_CLK_ALU_OUT[15])
                                                      0.015     3.356    IFM_bd_i/IFM_1/inst/ifm_struct/envelope_detection/signal_detection/squarereal/op_mem_65_20_reg[0]__0/DSP_OUTPUT_INST
  -------------------------------------------------------------------
                         required time                          3.356    
                         arrival time                          -2.899    
  -------------------------------------------------------------------
                         slack                                  0.457    

Slack (MET) :             0.457ns  (required time - arrival time)
  Source:                 <hidden>
                            (rising edge-triggered cell FDRE clocked by clk  {rise@0.000ns fall@1.666ns period=3.333ns})
  Destination:            IFM_bd_i/IFM_1/inst/ifm_struct/envelope_detection/signal_detection/squarereal/op_mem_65_20_reg[0]__0/DSP_OUTPUT_INST/ALU_OUT[16]
                            (rising edge-triggered cell DSP_OUTPUT clocked by clk  {rise@0.000ns fall@1.666ns period=3.333ns})
  Path Group:             clk
  Path Type:              Setup (Max at Slow Process Corner)
  Requirement:            3.333ns  (clk rise@3.333ns - clk rise@0.000ns)
  Data Path Delay:        2.869ns  (logic 2.198ns (76.623%)  route 0.671ns (23.377%))
  Logic Levels:           7  (DSP_A_B_DATA=1 DSP_ALU=2 DSP_M_DATA=1 DSP_MULTIPLIER=1 DSP_OUTPUT=1 DSP_PREADD_DATA=1)
  Clock Path Skew:        0.013ns (DCD - SCD + CPR)
    Destination Clock Delay (DCD):    0.043ns = ( 3.376 - 3.333 ) 
    Source Clock Delay      (SCD):    0.030ns
    Clock Pessimism Removal (CPR):    0.000ns
  Clock Uncertainty:      0.035ns  ((TSJ^2 + TIJ^2)^1/2 + DJ) / 2 + PE
    Total System Jitter     (TSJ):    0.071ns
    Total Input Jitter      (TIJ):    0.000ns
    Discrete Jitter          (DJ):    0.000ns
    Phase Error              (PE):    0.000ns

    Location             Delay type                Incr(ns)  Path(ns)    Netlist Resource(s)
  -------------------------------------------------------------------    -------------------
                         (clock clk rise edge)        0.000     0.000 r  
                                                      0.000     0.000 r  clk (IN)
                         net (fo=10823, unset)        0.030     0.030    <hidden>
    SLICE_X49Y69         FDRE                                         r  <hidden>
  -------------------------------------------------------------------    -------------------
    SLICE_X49Y69         FDRE (Prop_AFF2_SLICEM_C_Q)
                                                      0.080     0.110 f  <hidden>
                         net (fo=5, routed)           0.657     0.767    IFM_bd_i/IFM_1/inst/ifm_struct/envelope_detection/signal_detection/squarereal/mult_46_56__0/B[11]
    DSP48E2_X8Y30        DSP_A_B_DATA (Prop_DSP_A_B_DATA_DSP48E2_B[11]_B2_DATA[11])
                                                      0.151     0.918 r  IFM_bd_i/IFM_1/inst/ifm_struct/envelope_detection/signal_detection/squarereal/mult_46_56__0/DSP_A_B_DATA_INST/B2_DATA[11]
                         net (fo=1, routed)           0.000     0.918    IFM_bd_i/IFM_1/inst/ifm_struct/envelope_detection/signal_detection/squarereal/mult_46_56__0/DSP_A_B_DATA.B2_DATA<11>
    DSP48E2_X8Y30        DSP_PREADD_DATA (Prop_DSP_PREADD_DATA_DSP48E2_B2_DATA[11]_B2B1[11])
                                                      0.073     0.991 r  IFM_bd_i/IFM_1/inst/ifm_struct/envelope_detection/signal_detection/squarereal/mult_46_56__0/DSP_PREADD_DATA_INST/B2B1[11]
                         net (fo=1, routed)           0.000     0.991    IFM_bd_i/IFM_1/inst/ifm_struct/envelope_detection/signal_detection/squarereal/mult_46_56__0/DSP_PREADD_DATA.B2B1<11>
    DSP48E2_X8Y30        DSP_MULTIPLIER (Prop_DSP_MULTIPLIER_DSP48E2_B2B1[11]_V[40])
                                                      0.609     1.600 f  IFM_bd_i/IFM_1/inst/ifm_struct/envelope_detection/signal_detection/squarereal/mult_46_56__0/DSP_MULTIPLIER_INST/V[40]
                         net (fo=1, routed)           0.000     1.600    IFM_bd_i/IFM_1/inst/ifm_struct/envelope_detection/signal_detection/squarereal/mult_46_56__0/DSP_MULTIPLIER.V<40>
    DSP48E2_X8Y30        DSP_M_DATA (Prop_DSP_M_DATA_DSP48E2_V[40]_V_DATA[40])
                                                      0.046     1.646 r  IFM_bd_i/IFM_1/inst/ifm_struct/envelope_detection/signal_detection/squarereal/mult_46_56__0/DSP_M_DATA_INST/V_DATA[40]
                         net (fo=1, routed)           0.000     1.646    IFM_bd_i/IFM_1/inst/ifm_struct/envelope_detection/signal_detection/squarereal/mult_46_56__0/DSP_M_DATA.V_DATA<40>
    DSP48E2_X8Y30        DSP_ALU (Prop_DSP_ALU_DSP48E2_V_DATA[40]_ALU_OUT[47])
                                                      0.571     2.217 f  IFM_bd_i/IFM_1/inst/ifm_struct/envelope_detection/signal_detection/squarereal/mult_46_56__0/DSP_ALU_INST/ALU_OUT[47]
                         net (fo=1, routed)           0.000     2.217    IFM_bd_i/IFM_1/inst/ifm_struct/envelope_detection/signal_detection/squarereal/mult_46_56__0/DSP_ALU.ALU_OUT<47>
    DSP48E2_X8Y30        DSP_OUTPUT (Prop_DSP_OUTPUT_DSP48E2_ALU_OUT[47]_PCOUT[47])
                                                      0.122     2.339 r  IFM_bd_i/IFM_1/inst/ifm_struct/envelope_detection/signal_detection/squarereal/mult_46_56__0/DSP_OUTPUT_INST/PCOUT[47]
                         net (fo=1, routed)           0.014     2.353    IFM_bd_i/IFM_1/inst/ifm_struct/envelope_detection/signal_detection/squarereal/op_mem_65_20_reg[0]__0/PCIN[47]
    DSP48E2_X8Y31        DSP_ALU (Prop_DSP_ALU_DSP48E2_PCIN[47]_ALU_OUT[16])
                                                      0.546     2.899 r  IFM_bd_i/IFM_1/inst/ifm_struct/envelope_detection/signal_detection/squarereal/op_mem_65_20_reg[0]__0/DSP_ALU_INST/ALU_OUT[16]
                         net (fo=1, routed)           0.000     2.899    IFM_bd_i/IFM_1/inst/ifm_struct/envelope_detection/signal_detection/squarereal/op_mem_65_20_reg[0]__0/DSP_ALU.ALU_OUT<16>
    DSP48E2_X8Y31        DSP_OUTPUT                                   r  IFM_bd_i/IFM_1/inst/ifm_struct/envelope_detection/signal_detection/squarereal/op_mem_65_20_reg[0]__0/DSP_OUTPUT_INST/ALU_OUT[16]
  -------------------------------------------------------------------    -------------------

                         (clock clk rise edge)        3.333     3.333 r  
                                                      0.000     3.333 r  clk (IN)
                         net (fo=10823, unset)        0.043     3.376    IFM_bd_i/IFM_1/inst/ifm_struct/envelope_detection/signal_detection/squarereal/op_mem_65_20_reg[0]__0/CLK
    DSP48E2_X8Y31        DSP_OUTPUT                                   r  IFM_bd_i/IFM_1/inst/ifm_struct/envelope_detection/signal_detection/squarereal/op_mem_65_20_reg[0]__0/DSP_OUTPUT_INST/CLK
                         clock pessimism              0.000     3.376    
                         clock uncertainty           -0.035     3.341    
    DSP48E2_X8Y31        DSP_OUTPUT (Setup_DSP_OUTPUT_DSP48E2_CLK_ALU_OUT[16])
                                                      0.015     3.356    IFM_bd_i/IFM_1/inst/ifm_struct/envelope_detection/signal_detection/squarereal/op_mem_65_20_reg[0]__0/DSP_OUTPUT_INST
  -------------------------------------------------------------------
                         required time                          3.356    
                         arrival time                          -2.899    
  -------------------------------------------------------------------
                         slack                                  0.457    

Slack (MET) :             0.457ns  (required time - arrival time)
  Source:                 <hidden>
                            (rising edge-triggered cell FDRE clocked by clk  {rise@0.000ns fall@1.666ns period=3.333ns})
  Destination:            IFM_bd_i/IFM_1/inst/ifm_struct/envelope_detection/signal_detection/squarereal/op_mem_65_20_reg[0]__0/DSP_OUTPUT_INST/ALU_OUT[17]
                            (rising edge-triggered cell DSP_OUTPUT clocked by clk  {rise@0.000ns fall@1.666ns period=3.333ns})
  Path Group:             clk
  Path Type:              Setup (Max at Slow Process Corner)
  Requirement:            3.333ns  (clk rise@3.333ns - clk rise@0.000ns)
  Data Path Delay:        2.869ns  (logic 2.198ns (76.623%)  route 0.671ns (23.377%))
  Logic Levels:           7  (DSP_A_B_DATA=1 DSP_ALU=2 DSP_M_DATA=1 DSP_MULTIPLIER=1 DSP_OUTPUT=1 DSP_PREADD_DATA=1)
  Clock Path Skew:        0.013ns (DCD - SCD + CPR)
    Destination Clock Delay (DCD):    0.043ns = ( 3.376 - 3.333 ) 
    Source Clock Delay      (SCD):    0.030ns
    Clock Pessimism Removal (CPR):    0.000ns
  Clock Uncertainty:      0.035ns  ((TSJ^2 + TIJ^2)^1/2 + DJ) / 2 + PE
    Total System Jitter     (TSJ):    0.071ns
    Total Input Jitter      (TIJ):    0.000ns
    Discrete Jitter          (DJ):    0.000ns
    Phase Error              (PE):    0.000ns

    Location             Delay type                Incr(ns)  Path(ns)    Netlist Resource(s)
  -------------------------------------------------------------------    -------------------
                         (clock clk rise edge)        0.000     0.000 r  
                                                      0.000     0.000 r  clk (IN)
                         net (fo=10823, unset)        0.030     0.030    <hidden>
    SLICE_X49Y69         FDRE                                         r  <hidden>
  -------------------------------------------------------------------    -------------------
    SLICE_X49Y69         FDRE (Prop_AFF2_SLICEM_C_Q)
                                                      0.080     0.110 f  <hidden>
                         net (fo=5, routed)           0.657     0.767    IFM_bd_i/IFM_1/inst/ifm_struct/envelope_detection/signal_detection/squarereal/mult_46_56__0/B[11]
    DSP48E2_X8Y30        DSP_A_B_DATA (Prop_DSP_A_B_DATA_DSP48E2_B[11]_B2_DATA[11])
                                                      0.151     0.918 r  IFM_bd_i/IFM_1/inst/ifm_struct/envelope_detection/signal_detection/squarereal/mult_46_56__0/DSP_A_B_DATA_INST/B2_DATA[11]
                         net (fo=1, routed)           0.000     0.918    IFM_bd_i/IFM_1/inst/ifm_struct/envelope_detection/signal_detection/squarereal/mult_46_56__0/DSP_A_B_DATA.B2_DATA<11>
    DSP48E2_X8Y30        DSP_PREADD_DATA (Prop_DSP_PREADD_DATA_DSP48E2_B2_DATA[11]_B2B1[11])
                                                      0.073     0.991 r  IFM_bd_i/IFM_1/inst/ifm_struct/envelope_detection/signal_detection/squarereal/mult_46_56__0/DSP_PREADD_DATA_INST/B2B1[11]
                         net (fo=1, routed)           0.000     0.991    IFM_bd_i/IFM_1/inst/ifm_struct/envelope_detection/signal_detection/squarereal/mult_46_56__0/DSP_PREADD_DATA.B2B1<11>
    DSP48E2_X8Y30        DSP_MULTIPLIER (Prop_DSP_MULTIPLIER_DSP48E2_B2B1[11]_V[40])
                                                      0.609     1.600 f  IFM_bd_i/IFM_1/inst/ifm_struct/envelope_detection/signal_detection/squarereal/mult_46_56__0/DSP_MULTIPLIER_INST/V[40]
                         net (fo=1, routed)           0.000     1.600    IFM_bd_i/IFM_1/inst/ifm_struct/envelope_detection/signal_detection/squarereal/mult_46_56__0/DSP_MULTIPLIER.V<40>
    DSP48E2_X8Y30        DSP_M_DATA (Prop_DSP_M_DATA_DSP48E2_V[40]_V_DATA[40])
                                                      0.046     1.646 r  IFM_bd_i/IFM_1/inst/ifm_struct/envelope_detection/signal_detection/squarereal/mult_46_56__0/DSP_M_DATA_INST/V_DATA[40]
                         net (fo=1, routed)           0.000     1.646    IFM_bd_i/IFM_1/inst/ifm_struct/envelope_detection/signal_detection/squarereal/mult_46_56__0/DSP_M_DATA.V_DATA<40>
    DSP48E2_X8Y30        DSP_ALU (Prop_DSP_ALU_DSP48E2_V_DATA[40]_ALU_OUT[47])
                                                      0.571     2.217 f  IFM_bd_i/IFM_1/inst/ifm_struct/envelope_detection/signal_detection/squarereal/mult_46_56__0/DSP_ALU_INST/ALU_OUT[47]
                         net (fo=1, routed)           0.000     2.217    IFM_bd_i/IFM_1/inst/ifm_struct/envelope_detection/signal_detection/squarereal/mult_46_56__0/DSP_ALU.ALU_OUT<47>
    DSP48E2_X8Y30        DSP_OUTPUT (Prop_DSP_OUTPUT_DSP48E2_ALU_OUT[47]_PCOUT[47])
                                                      0.122     2.339 r  IFM_bd_i/IFM_1/inst/ifm_struct/envelope_detection/signal_detection/squarereal/mult_46_56__0/DSP_OUTPUT_INST/PCOUT[47]
                         net (fo=1, routed)           0.014     2.353    IFM_bd_i/IFM_1/inst/ifm_struct/envelope_detection/signal_detection/squarereal/op_mem_65_20_reg[0]__0/PCIN[47]
    DSP48E2_X8Y31        DSP_ALU (Prop_DSP_ALU_DSP48E2_PCIN[47]_ALU_OUT[17])
                                                      0.546     2.899 r  IFM_bd_i/IFM_1/inst/ifm_struct/envelope_detection/signal_detection/squarereal/op_mem_65_20_reg[0]__0/DSP_ALU_INST/ALU_OUT[17]
                         net (fo=1, routed)           0.000     2.899    IFM_bd_i/IFM_1/inst/ifm_struct/envelope_detection/signal_detection/squarereal/op_mem_65_20_reg[0]__0/DSP_ALU.ALU_OUT<17>
    DSP48E2_X8Y31        DSP_OUTPUT                                   r  IFM_bd_i/IFM_1/inst/ifm_struct/envelope_detection/signal_detection/squarereal/op_mem_65_20_reg[0]__0/DSP_OUTPUT_INST/ALU_OUT[17]
  -------------------------------------------------------------------    -------------------

                         (clock clk rise edge)        3.333     3.333 r  
                                                      0.000     3.333 r  clk (IN)
                         net (fo=10823, unset)        0.043     3.376    IFM_bd_i/IFM_1/inst/ifm_struct/envelope_detection/signal_detection/squarereal/op_mem_65_20_reg[0]__0/CLK
    DSP48E2_X8Y31        DSP_OUTPUT                                   r  IFM_bd_i/IFM_1/inst/ifm_struct/envelope_detection/signal_detection/squarereal/op_mem_65_20_reg[0]__0/DSP_OUTPUT_INST/CLK
                         clock pessimism              0.000     3.376    
                         clock uncertainty           -0.035     3.341    
    DSP48E2_X8Y31        DSP_OUTPUT (Setup_DSP_OUTPUT_DSP48E2_CLK_ALU_OUT[17])
                                                      0.015     3.356    IFM_bd_i/IFM_1/inst/ifm_struct/envelope_detection/signal_detection/squarereal/op_mem_65_20_reg[0]__0/DSP_OUTPUT_INST
  -------------------------------------------------------------------
                         required time                          3.356    
                         arrival time                          -2.899    
  -------------------------------------------------------------------
                         slack                                  0.457    

Slack (MET) :             0.457ns  (required time - arrival time)
  Source:                 <hidden>
                            (rising edge-triggered cell FDRE clocked by clk  {rise@0.000ns fall@1.666ns period=3.333ns})
  Destination:            IFM_bd_i/IFM_1/inst/ifm_struct/envelope_detection/signal_detection/squarereal/op_mem_65_20_reg[0]__0/DSP_OUTPUT_INST/ALU_OUT[18]
                            (rising edge-triggered cell DSP_OUTPUT clocked by clk  {rise@0.000ns fall@1.666ns period=3.333ns})
  Path Group:             clk
  Path Type:              Setup (Max at Slow Process Corner)
  Requirement:            3.333ns  (clk rise@3.333ns - clk rise@0.000ns)
  Data Path Delay:        2.869ns  (logic 2.198ns (76.623%)  route 0.671ns (23.377%))
  Logic Levels:           7  (DSP_A_B_DATA=1 DSP_ALU=2 DSP_M_DATA=1 DSP_MULTIPLIER=1 DSP_OUTPUT=1 DSP_PREADD_DATA=1)
  Clock Path Skew:        0.013ns (DCD - SCD + CPR)
    Destination Clock Delay (DCD):    0.043ns = ( 3.376 - 3.333 ) 
    Source Clock Delay      (SCD):    0.030ns
    Clock Pessimism Removal (CPR):    0.000ns
  Clock Uncertainty:      0.035ns  ((TSJ^2 + TIJ^2)^1/2 + DJ) / 2 + PE
    Total System Jitter     (TSJ):    0.071ns
    Total Input Jitter      (TIJ):    0.000ns
    Discrete Jitter          (DJ):    0.000ns
    Phase Error              (PE):    0.000ns

    Location             Delay type                Incr(ns)  Path(ns)    Netlist Resource(s)
  -------------------------------------------------------------------    -------------------
                         (clock clk rise edge)        0.000     0.000 r  
                                                      0.000     0.000 r  clk (IN)
                         net (fo=10823, unset)        0.030     0.030    <hidden>
    SLICE_X49Y69         FDRE                                         r  <hidden>
  -------------------------------------------------------------------    -------------------
    SLICE_X49Y69         FDRE (Prop_AFF2_SLICEM_C_Q)
                                                      0.080     0.110 f  <hidden>
                         net (fo=5, routed)           0.657     0.767    IFM_bd_i/IFM_1/inst/ifm_struct/envelope_detection/signal_detection/squarereal/mult_46_56__0/B[11]
    DSP48E2_X8Y30        DSP_A_B_DATA (Prop_DSP_A_B_DATA_DSP48E2_B[11]_B2_DATA[11])
                                                      0.151     0.918 r  IFM_bd_i/IFM_1/inst/ifm_struct/envelope_detection/signal_detection/squarereal/mult_46_56__0/DSP_A_B_DATA_INST/B2_DATA[11]
                         net (fo=1, routed)           0.000     0.918    IFM_bd_i/IFM_1/inst/ifm_struct/envelope_detection/signal_detection/squarereal/mult_46_56__0/DSP_A_B_DATA.B2_DATA<11>
    DSP48E2_X8Y30        DSP_PREADD_DATA (Prop_DSP_PREADD_DATA_DSP48E2_B2_DATA[11]_B2B1[11])
                                                      0.073     0.991 r  IFM_bd_i/IFM_1/inst/ifm_struct/envelope_detection/signal_detection/squarereal/mult_46_56__0/DSP_PREADD_DATA_INST/B2B1[11]
                         net (fo=1, routed)           0.000     0.991    IFM_bd_i/IFM_1/inst/ifm_struct/envelope_detection/signal_detection/squarereal/mult_46_56__0/DSP_PREADD_DATA.B2B1<11>
    DSP48E2_X8Y30        DSP_MULTIPLIER (Prop_DSP_MULTIPLIER_DSP48E2_B2B1[11]_V[40])
                                                      0.609     1.600 f  IFM_bd_i/IFM_1/inst/ifm_struct/envelope_detection/signal_detection/squarereal/mult_46_56__0/DSP_MULTIPLIER_INST/V[40]
                         net (fo=1, routed)           0.000     1.600    IFM_bd_i/IFM_1/inst/ifm_struct/envelope_detection/signal_detection/squarereal/mult_46_56__0/DSP_MULTIPLIER.V<40>
    DSP48E2_X8Y30        DSP_M_DATA (Prop_DSP_M_DATA_DSP48E2_V[40]_V_DATA[40])
                                                      0.046     1.646 r  IFM_bd_i/IFM_1/inst/ifm_struct/envelope_detection/signal_detection/squarereal/mult_46_56__0/DSP_M_DATA_INST/V_DATA[40]
                         net (fo=1, routed)           0.000     1.646    IFM_bd_i/IFM_1/inst/ifm_struct/envelope_detection/signal_detection/squarereal/mult_46_56__0/DSP_M_DATA.V_DATA<40>
    DSP48E2_X8Y30        DSP_ALU (Prop_DSP_ALU_DSP48E2_V_DATA[40]_ALU_OUT[47])
                                                      0.571     2.217 f  IFM_bd_i/IFM_1/inst/ifm_struct/envelope_detection/signal_detection/squarereal/mult_46_56__0/DSP_ALU_INST/ALU_OUT[47]
                         net (fo=1, routed)           0.000     2.217    IFM_bd_i/IFM_1/inst/ifm_struct/envelope_detection/signal_detection/squarereal/mult_46_56__0/DSP_ALU.ALU_OUT<47>
    DSP48E2_X8Y30        DSP_OUTPUT (Prop_DSP_OUTPUT_DSP48E2_ALU_OUT[47]_PCOUT[47])
                                                      0.122     2.339 r  IFM_bd_i/IFM_1/inst/ifm_struct/envelope_detection/signal_detection/squarereal/mult_46_56__0/DSP_OUTPUT_INST/PCOUT[47]
                         net (fo=1, routed)           0.014     2.353    IFM_bd_i/IFM_1/inst/ifm_struct/envelope_detection/signal_detection/squarereal/op_mem_65_20_reg[0]__0/PCIN[47]
    DSP48E2_X8Y31        DSP_ALU (Prop_DSP_ALU_DSP48E2_PCIN[47]_ALU_OUT[18])
                                                      0.546     2.899 r  IFM_bd_i/IFM_1/inst/ifm_struct/envelope_detection/signal_detection/squarereal/op_mem_65_20_reg[0]__0/DSP_ALU_INST/ALU_OUT[18]
                         net (fo=1, routed)           0.000     2.899    IFM_bd_i/IFM_1/inst/ifm_struct/envelope_detection/signal_detection/squarereal/op_mem_65_20_reg[0]__0/DSP_ALU.ALU_OUT<18>
    DSP48E2_X8Y31        DSP_OUTPUT                                   r  IFM_bd_i/IFM_1/inst/ifm_struct/envelope_detection/signal_detection/squarereal/op_mem_65_20_reg[0]__0/DSP_OUTPUT_INST/ALU_OUT[18]
  -------------------------------------------------------------------    -------------------

                         (clock clk rise edge)        3.333     3.333 r  
                                                      0.000     3.333 r  clk (IN)
                         net (fo=10823, unset)        0.043     3.376    IFM_bd_i/IFM_1/inst/ifm_struct/envelope_detection/signal_detection/squarereal/op_mem_65_20_reg[0]__0/CLK
    DSP48E2_X8Y31        DSP_OUTPUT                                   r  IFM_bd_i/IFM_1/inst/ifm_struct/envelope_detection/signal_detection/squarereal/op_mem_65_20_reg[0]__0/DSP_OUTPUT_INST/CLK
                         clock pessimism              0.000     3.376    
                         clock uncertainty           -0.035     3.341    
    DSP48E2_X8Y31        DSP_OUTPUT (Setup_DSP_OUTPUT_DSP48E2_CLK_ALU_OUT[18])
                                                      0.015     3.356    IFM_bd_i/IFM_1/inst/ifm_struct/envelope_detection/signal_detection/squarereal/op_mem_65_20_reg[0]__0/DSP_OUTPUT_INST
  -------------------------------------------------------------------
                         required time                          3.356    
                         arrival time                          -2.899    
  -------------------------------------------------------------------
                         slack                                  0.457    





Min Delay Paths
--------------------------------------------------------------------------------------
Slack (MET) :             0.026ns  (arrival time - required time)
  Source:                 <hidden>
                            (rising edge-triggered cell FDRE clocked by clk  {rise@0.000ns fall@1.666ns period=3.333ns})
  Destination:            <hidden>
                            (rising edge-triggered cell SRL16E clocked by clk  {rise@0.000ns fall@1.666ns period=3.333ns})
  Path Group:             clk
  Path Type:              Hold (Min at Fast Process Corner)
  Requirement:            0.000ns  (clk rise@0.000ns - clk rise@0.000ns)
  Data Path Delay:        0.099ns  (logic 0.040ns (40.534%)  route 0.059ns (59.466%))
  Logic Levels:           0  
  Clock Path Skew:        0.027ns (DCD - SCD - CPR)
    Destination Clock Delay (DCD):    0.039ns
    Source Clock Delay      (SCD):    0.012ns
    Clock Pessimism Removal (CPR):    -0.000ns

    Location             Delay type                Incr(ns)  Path(ns)    Netlist Resource(s)
  -------------------------------------------------------------------    -------------------
                         (clock clk rise edge)        0.000     0.000 r  
                                                      0.000     0.000 r  clk (IN)
                         net (fo=10823, unset)        0.012     0.012    <hidden>
    SLICE_X45Y111        FDRE                                         r  <hidden>
  -------------------------------------------------------------------    -------------------
    SLICE_X45Y111        FDRE (Prop_BFF2_SLICEL_C_Q)
                                                      0.040     0.052 r  <hidden>
                         net (fo=2, routed)           0.059     0.111    <hidden>
    SLICE_X44Y111        SRL16E                                       r  <hidden>
  -------------------------------------------------------------------    -------------------

                         (clock clk rise edge)        0.000     0.000 r  
                                                      0.000     0.000 r  clk (IN)
                         net (fo=10823, unset)        0.039     0.039    <hidden>
    SLICE_X44Y111        SRL16E                                       r  <hidden>
                         clock pessimism              0.000     0.039    
    SLICE_X44Y111        SRL16E (Hold_D5LUT_SLICEM_CLK_D)
                                                      0.046     0.085    <hidden>
  -------------------------------------------------------------------
                         required time                         -0.085    
                         arrival time                           0.111    
  -------------------------------------------------------------------
                         slack                                  0.026    

Slack (MET) :             0.026ns  (arrival time - required time)
  Source:                 <hidden>
                            (rising edge-triggered cell FDRE clocked by clk  {rise@0.000ns fall@1.666ns period=3.333ns})
  Destination:            <hidden>
                            (rising edge-triggered cell SRL16E clocked by clk  {rise@0.000ns fall@1.666ns period=3.333ns})
  Path Group:             clk
  Path Type:              Hold (Min at Fast Process Corner)
  Requirement:            0.000ns  (clk rise@0.000ns - clk rise@0.000ns)
  Data Path Delay:        0.099ns  (logic 0.040ns (40.534%)  route 0.059ns (59.466%))
  Logic Levels:           0  
  Clock Path Skew:        0.027ns (DCD - SCD - CPR)
    Destination Clock Delay (DCD):    0.039ns
    Source Clock Delay      (SCD):    0.012ns
    Clock Pessimism Removal (CPR):    -0.000ns

    Location             Delay type                Incr(ns)  Path(ns)    Netlist Resource(s)
  -------------------------------------------------------------------    -------------------
                         (clock clk rise edge)        0.000     0.000 r  
                                                      0.000     0.000 r  clk (IN)
                         net (fo=10823, unset)        0.012     0.012    <hidden>
    SLICE_X65Y131        FDRE                                         r  <hidden>
  -------------------------------------------------------------------    -------------------
    SLICE_X65Y131        FDRE (Prop_BFF2_SLICEL_C_Q)
                                                      0.040     0.052 r  <hidden>
                         net (fo=2, routed)           0.059     0.111    <hidden>
    SLICE_X64Y131        SRL16E                                       r  <hidden>
  -------------------------------------------------------------------    -------------------

                         (clock clk rise edge)        0.000     0.000 r  
                                                      0.000     0.000 r  clk (IN)
                         net (fo=10823, unset)        0.039     0.039    <hidden>
    SLICE_X64Y131        SRL16E                                       r  <hidden>
                         clock pessimism              0.000     0.039    
    SLICE_X64Y131        SRL16E (Hold_D5LUT_SLICEM_CLK_D)
                                                      0.046     0.085    <hidden>
  -------------------------------------------------------------------
                         required time                         -0.085    
                         arrival time                           0.111    
  -------------------------------------------------------------------
                         slack                                  0.026    

Slack (MET) :             0.026ns  (arrival time - required time)
  Source:                 <hidden>
                            (rising edge-triggered cell FDRE clocked by clk  {rise@0.000ns fall@1.666ns period=3.333ns})
  Destination:            <hidden>
                            (rising edge-triggered cell SRL16E clocked by clk  {rise@0.000ns fall@1.666ns period=3.333ns})
  Path Group:             clk
  Path Type:              Hold (Min at Fast Process Corner)
  Requirement:            0.000ns  (clk rise@0.000ns - clk rise@0.000ns)
  Data Path Delay:        0.098ns  (logic 0.039ns (39.617%)  route 0.059ns (60.383%))
  Logic Levels:           0  
  Clock Path Skew:        0.026ns (DCD - SCD - CPR)
    Destination Clock Delay (DCD):    0.039ns
    Source Clock Delay      (SCD):    0.013ns
    Clock Pessimism Removal (CPR):    -0.000ns

    Location             Delay type                Incr(ns)  Path(ns)    Netlist Resource(s)
  -------------------------------------------------------------------    -------------------
                         (clock clk rise edge)        0.000     0.000 r  
                                                      0.000     0.000 r  clk (IN)
                         net (fo=10823, unset)        0.013     0.013    <hidden>
    SLICE_X49Y57         FDRE                                         r  <hidden>
  -------------------------------------------------------------------    -------------------
    SLICE_X49Y57         FDRE (Prop_DFF_SLICEM_C_Q)
                                                      0.039     0.052 r  <hidden>
                         net (fo=2, routed)           0.059     0.111    <hidden>
    SLICE_X49Y58         SRL16E                                       r  <hidden>
  -------------------------------------------------------------------    -------------------

                         (clock clk rise edge)        0.000     0.000 r  
                                                      0.000     0.000 r  clk (IN)
                         net (fo=10823, unset)        0.039     0.039    <hidden>
    SLICE_X49Y58         SRL16E                                       r  <hidden>
                         clock pessimism              0.000     0.039    
    SLICE_X49Y58         SRL16E (Hold_C5LUT_SLICEM_CLK_D)
                                                      0.046     0.085    <hidden>
  -------------------------------------------------------------------
                         required time                         -0.085    
                         arrival time                           0.111    
  -------------------------------------------------------------------
                         slack                                  0.026    

Slack (MET) :             0.029ns  (arrival time - required time)
  Source:                 <hidden>
                            (rising edge-triggered cell FDRE clocked by clk  {rise@0.000ns fall@1.666ns period=3.333ns})
  Destination:            <hidden>
                            (rising edge-triggered cell SRL16E clocked by clk  {rise@0.000ns fall@1.666ns period=3.333ns})
  Path Group:             clk
  Path Type:              Hold (Min at Fast Process Corner)
  Requirement:            0.000ns  (clk rise@0.000ns - clk rise@0.000ns)
  Data Path Delay:        0.094ns  (logic 0.040ns (42.553%)  route 0.054ns (57.447%))
  Logic Levels:           0  
  Clock Path Skew:        0.026ns (DCD - SCD - CPR)
    Destination Clock Delay (DCD):    0.039ns
    Source Clock Delay      (SCD):    0.013ns
    Clock Pessimism Removal (CPR):    -0.000ns

    Location             Delay type                Incr(ns)  Path(ns)    Netlist Resource(s)
  -------------------------------------------------------------------    -------------------
                         (clock clk rise edge)        0.000     0.000 r  
                                                      0.000     0.000 r  clk (IN)
                         net (fo=10823, unset)        0.013     0.013    <hidden>
    SLICE_X49Y99         FDRE                                         r  <hidden>
  -------------------------------------------------------------------    -------------------
    SLICE_X49Y99         FDRE (Prop_BFF2_SLICEM_C_Q)
                                                      0.040     0.053 r  <hidden>
                         net (fo=1, routed)           0.054     0.107    <hidden>
    SLICE_X49Y100        SRL16E                                       r  <hidden>
  -------------------------------------------------------------------    -------------------

                         (clock clk rise edge)        0.000     0.000 r  
                                                      0.000     0.000 r  clk (IN)
                         net (fo=10823, unset)        0.039     0.039    <hidden>
    SLICE_X49Y100        SRL16E                                       r  <hidden>
                         clock pessimism              0.000     0.039    
    SLICE_X49Y100        SRL16E (Hold_G5LUT_SLICEM_CLK_D)
                                                      0.039     0.078    <hidden>
  -------------------------------------------------------------------
                         required time                         -0.078    
                         arrival time                           0.107    
  -------------------------------------------------------------------
                         slack                                  0.029    

Slack (MET) :             0.030ns  (arrival time - required time)
  Source:                 <hidden>
                            (rising edge-triggered cell FDRE clocked by clk  {rise@0.000ns fall@1.666ns period=3.333ns})
  Destination:            <hidden>
                            (rising edge-triggered cell SRL16E clocked by clk  {rise@0.000ns fall@1.666ns period=3.333ns})
  Path Group:             clk
  Path Type:              Hold (Min at Fast Process Corner)
  Requirement:            0.000ns  (clk rise@0.000ns - clk rise@0.000ns)
  Data Path Delay:        0.102ns  (logic 0.039ns (38.354%)  route 0.063ns (61.646%))
  Logic Levels:           0  
  Clock Path Skew:        0.026ns (DCD - SCD - CPR)
    Destination Clock Delay (DCD):    0.039ns
    Source Clock Delay      (SCD):    0.013ns
    Clock Pessimism Removal (CPR):    -0.000ns

    Location             Delay type                Incr(ns)  Path(ns)    Netlist Resource(s)
  -------------------------------------------------------------------    -------------------
                         (clock clk rise edge)        0.000     0.000 r  
                                                      0.000     0.000 r  clk (IN)
                         net (fo=10823, unset)        0.013     0.013    <hidden>
    SLICE_X58Y65         FDRE                                         r  <hidden>
  -------------------------------------------------------------------    -------------------
    SLICE_X58Y65         FDRE (Prop_HFF_SLICEM_C_Q)
                                                      0.039     0.052 r  <hidden>
                         net (fo=2, routed)           0.063     0.115    <hidden>
    SLICE_X58Y66         SRL16E                                       r  <hidden>
  -------------------------------------------------------------------    -------------------

                         (clock clk rise edge)        0.000     0.000 r  
                                                      0.000     0.000 r  clk (IN)
                         net (fo=10823, unset)        0.039     0.039    <hidden>
    SLICE_X58Y66         SRL16E                                       r  <hidden>
                         clock pessimism              0.000     0.039    
    SLICE_X58Y66         SRL16E (Hold_F5LUT_SLICEM_CLK_D)
                                                      0.046     0.085    <hidden>
  -------------------------------------------------------------------
                         required time                         -0.085    
                         arrival time                           0.115    
  -------------------------------------------------------------------
                         slack                                  0.030    

Slack (MET) :             0.030ns  (arrival time - required time)
  Source:                 IFM_bd_i/IFM_1/inst/ifm_struct/envelope_detection/signal_detection/sync_real/srl_delay.reg1/has_only_1.srlc33e_array0/reg_array[1].has_latency.u2/C
                            (rising edge-triggered cell FDRE clocked by clk  {rise@0.000ns fall@1.666ns period=3.333ns})
  Destination:            IFM_bd_i/IFM_1/inst/ifm_struct/envelope_detection/delay_envelope_operations/d1_x0/srl_delay.reg1/has_only_1.srlc33e_array0/reg_array[1].has_latency.u2/D
                            (rising edge-triggered cell FDRE clocked by clk  {rise@0.000ns fall@1.666ns period=3.333ns})
  Path Group:             clk
  Path Type:              Hold (Min at Fast Process Corner)
  Requirement:            0.000ns  (clk rise@0.000ns - clk rise@0.000ns)
  Data Path Delay:        0.082ns  (logic 0.039ns (47.561%)  route 0.043ns (52.439%))
  Logic Levels:           0  
  Clock Path Skew:        0.006ns (DCD - SCD - CPR)
    Destination Clock Delay (DCD):    0.019ns
    Source Clock Delay      (SCD):    0.013ns
    Clock Pessimism Removal (CPR):    -0.000ns

    Location             Delay type                Incr(ns)  Path(ns)    Netlist Resource(s)
  -------------------------------------------------------------------    -------------------
                         (clock clk rise edge)        0.000     0.000 r  
                                                      0.000     0.000 r  clk (IN)
                         net (fo=10823, unset)        0.013     0.013    IFM_bd_i/IFM_1/inst/ifm_struct/envelope_detection/signal_detection/sync_real/srl_delay.reg1/has_only_1.srlc33e_array0/clk
    SLICE_X54Y71         FDRE                                         r  IFM_bd_i/IFM_1/inst/ifm_struct/envelope_detection/signal_detection/sync_real/srl_delay.reg1/has_only_1.srlc33e_array0/reg_array[1].has_latency.u2/C
  -------------------------------------------------------------------    -------------------
    SLICE_X54Y71         FDRE (Prop_GFF_SLICEL_C_Q)
                                                      0.039     0.052 r  IFM_bd_i/IFM_1/inst/ifm_struct/envelope_detection/signal_detection/sync_real/srl_delay.reg1/has_only_1.srlc33e_array0/reg_array[1].has_latency.u2/Q
                         net (fo=3, routed)           0.043     0.095    IFM_bd_i/IFM_1/inst/ifm_struct/envelope_detection/delay_envelope_operations/d1_x0/srl_delay.reg1/has_only_1.srlc33e_array0/reg_array[31].has_latency.u2_0[1]
    SLICE_X54Y71         FDRE                                         r  IFM_bd_i/IFM_1/inst/ifm_struct/envelope_detection/delay_envelope_operations/d1_x0/srl_delay.reg1/has_only_1.srlc33e_array0/reg_array[1].has_latency.u2/D
  -------------------------------------------------------------------    -------------------

                         (clock clk rise edge)        0.000     0.000 r  
                                                      0.000     0.000 r  clk (IN)
                         net (fo=10823, unset)        0.019     0.019    IFM_bd_i/IFM_1/inst/ifm_struct/envelope_detection/delay_envelope_operations/d1_x0/srl_delay.reg1/has_only_1.srlc33e_array0/clk
    SLICE_X54Y71         FDRE                                         r  IFM_bd_i/IFM_1/inst/ifm_struct/envelope_detection/delay_envelope_operations/d1_x0/srl_delay.reg1/has_only_1.srlc33e_array0/reg_array[1].has_latency.u2/C
                         clock pessimism              0.000     0.019    
    SLICE_X54Y71         FDRE (Hold_EFF_SLICEL_C_D)
                                                      0.046     0.065    IFM_bd_i/IFM_1/inst/ifm_struct/envelope_detection/delay_envelope_operations/d1_x0/srl_delay.reg1/has_only_1.srlc33e_array0/reg_array[1].has_latency.u2
  -------------------------------------------------------------------
                         required time                         -0.065    
                         arrival time                           0.095    
  -------------------------------------------------------------------
                         slack                                  0.030    

Slack (MET) :             0.031ns  (arrival time - required time)
  Source:                 <hidden>
                            (rising edge-triggered cell FDRE clocked by clk  {rise@0.000ns fall@1.666ns period=3.333ns})
  Destination:            <hidden>
                            (rising edge-triggered cell SRL16E clocked by clk  {rise@0.000ns fall@1.666ns period=3.333ns})
  Path Group:             clk
  Path Type:              Hold (Min at Fast Process Corner)
  Requirement:            0.000ns  (clk rise@0.000ns - clk rise@0.000ns)
  Data Path Delay:        0.096ns  (logic 0.037ns (38.669%)  route 0.059ns (61.331%))
  Logic Levels:           0  
  Clock Path Skew:        0.026ns (DCD - SCD - CPR)
    Destination Clock Delay (DCD):    0.039ns
    Source Clock Delay      (SCD):    0.013ns
    Clock Pessimism Removal (CPR):    -0.000ns

    Location             Delay type                Incr(ns)  Path(ns)    Netlist Resource(s)
  -------------------------------------------------------------------    -------------------
                         (clock clk rise edge)        0.000     0.000 r  
                                                      0.000     0.000 r  clk (IN)
                         net (fo=10823, unset)        0.013     0.013    <hidden>
    SLICE_X61Y120        FDRE                                         r  <hidden>
  -------------------------------------------------------------------    -------------------
    SLICE_X61Y120        FDRE (Prop_FFF_SLICEM_C_Q)
                                                      0.037     0.050 r  <hidden>
                         net (fo=2, routed)           0.059     0.109    <hidden>
    SLICE_X61Y121        SRL16E                                       r  <hidden>
  -------------------------------------------------------------------    -------------------

                         (clock clk rise edge)        0.000     0.000 r  
                                                      0.000     0.000 r  clk (IN)
                         net (fo=10823, unset)        0.039     0.039    <hidden>
    SLICE_X61Y121        SRL16E                                       r  <hidden>
                         clock pessimism              0.000     0.039    
    SLICE_X61Y121        SRL16E (Hold_G5LUT_SLICEM_CLK_D)
                                                      0.039     0.078    <hidden>
  -------------------------------------------------------------------
                         required time                         -0.078    
                         arrival time                           0.109    
  -------------------------------------------------------------------
                         slack                                  0.031    

Slack (MET) :             0.031ns  (arrival time - required time)
  Source:                 <hidden>
                            (rising edge-triggered cell FDRE clocked by clk  {rise@0.000ns fall@1.666ns period=3.333ns})
  Destination:            <hidden>
                            (rising edge-triggered cell SRL16E clocked by clk  {rise@0.000ns fall@1.666ns period=3.333ns})
  Path Group:             clk
  Path Type:              Hold (Min at Fast Process Corner)
  Requirement:            0.000ns  (clk rise@0.000ns - clk rise@0.000ns)
  Data Path Delay:        0.096ns  (logic 0.040ns (41.475%)  route 0.056ns (58.525%))
  Logic Levels:           0  
  Clock Path Skew:        0.026ns (DCD - SCD - CPR)
    Destination Clock Delay (DCD):    0.039ns
    Source Clock Delay      (SCD):    0.013ns
    Clock Pessimism Removal (CPR):    -0.000ns

    Location             Delay type                Incr(ns)  Path(ns)    Netlist Resource(s)
  -------------------------------------------------------------------    -------------------
                         (clock clk rise edge)        0.000     0.000 r  
                                                      0.000     0.000 r  clk (IN)
                         net (fo=10823, unset)        0.013     0.013    <hidden>
    SLICE_X55Y51         FDRE                                         r  <hidden>
  -------------------------------------------------------------------    -------------------
    SLICE_X55Y51         FDRE (Prop_BFF2_SLICEM_C_Q)
                                                      0.040     0.053 r  <hidden>
                         net (fo=2, routed)           0.056     0.109    <hidden>
    SLICE_X55Y52         SRL16E                                       r  <hidden>
  -------------------------------------------------------------------    -------------------

                         (clock clk rise edge)        0.000     0.000 r  
                                                      0.000     0.000 r  clk (IN)
                         net (fo=10823, unset)        0.039     0.039    <hidden>
    SLICE_X55Y52         SRL16E                                       r  <hidden>
                         clock pessimism              0.000     0.039    
    SLICE_X55Y52         SRL16E (Hold_G5LUT_SLICEM_CLK_D)
                                                      0.039     0.078    <hidden>
  -------------------------------------------------------------------
                         required time                         -0.078    
                         arrival time                           0.109    
  -------------------------------------------------------------------
                         slack                                  0.031    

Slack (MET) :             0.033ns  (arrival time - required time)
  Source:                 <hidden>
                            (rising edge-triggered cell FDRE clocked by clk  {rise@0.000ns fall@1.666ns period=3.333ns})
  Destination:            <hidden>
                            (rising edge-triggered cell SRL16E clocked by clk  {rise@0.000ns fall@1.666ns period=3.333ns})
  Path Group:             clk
  Path Type:              Hold (Min at Fast Process Corner)
  Requirement:            0.000ns  (clk rise@0.000ns - clk rise@0.000ns)
  Data Path Delay:        0.105ns  (logic 0.040ns (37.963%)  route 0.065ns (62.037%))
  Logic Levels:           0  
  Clock Path Skew:        0.026ns (DCD - SCD - CPR)
    Destination Clock Delay (DCD):    0.039ns
    Source Clock Delay      (SCD):    0.013ns
    Clock Pessimism Removal (CPR):    -0.000ns

    Location             Delay type                Incr(ns)  Path(ns)    Netlist Resource(s)
  -------------------------------------------------------------------    -------------------
                         (clock clk rise edge)        0.000     0.000 r  
                                                      0.000     0.000 r  clk (IN)
                         net (fo=10823, unset)        0.013     0.013    <hidden>
    SLICE_X49Y85         FDRE                                         r  <hidden>
  -------------------------------------------------------------------    -------------------
    SLICE_X49Y85         FDRE (Prop_BFF2_SLICEM_C_Q)
                                                      0.040     0.053 r  <hidden>
                         net (fo=3, routed)           0.065     0.118    <hidden>
    SLICE_X49Y86         SRL16E                                       r  <hidden>
  -------------------------------------------------------------------    -------------------

                         (clock clk rise edge)        0.000     0.000 r  
                                                      0.000     0.000 r  clk (IN)
                         net (fo=10823, unset)        0.039     0.039    <hidden>
    SLICE_X49Y86         SRL16E                                       r  <hidden>
                         clock pessimism              0.000     0.039    
    SLICE_X49Y86         SRL16E (Hold_F5LUT_SLICEM_CLK_D)
                                                      0.046     0.085    <hidden>
  -------------------------------------------------------------------
                         required time                         -0.085    
                         arrival time                           0.118    
  -------------------------------------------------------------------
                         slack                                  0.033    

Slack (MET) :             0.034ns  (arrival time - required time)
  Source:                 <hidden>
                            (rising edge-triggered cell FDRE clocked by clk  {rise@0.000ns fall@1.666ns period=3.333ns})
  Destination:            <hidden>
                            (rising edge-triggered cell SRL16E clocked by clk  {rise@0.000ns fall@1.666ns period=3.333ns})
  Path Group:             clk
  Path Type:              Hold (Min at Fast Process Corner)
  Requirement:            0.000ns  (clk rise@0.000ns - clk rise@0.000ns)
  Data Path Delay:        0.099ns  (logic 0.037ns (37.494%)  route 0.062ns (62.506%))
  Logic Levels:           0  
  Clock Path Skew:        0.026ns (DCD - SCD - CPR)
    Destination Clock Delay (DCD):    0.039ns
    Source Clock Delay      (SCD):    0.013ns
    Clock Pessimism Removal (CPR):    -0.000ns

    Location             Delay type                Incr(ns)  Path(ns)    Netlist Resource(s)
  -------------------------------------------------------------------    -------------------
                         (clock clk rise edge)        0.000     0.000 r  
                                                      0.000     0.000 r  clk (IN)
                         net (fo=10823, unset)        0.013     0.013    <hidden>
    SLICE_X50Y52         FDRE                                         r  <hidden>
  -------------------------------------------------------------------    -------------------
    SLICE_X50Y52         FDRE (Prop_FFF_SLICEM_C_Q)
                                                      0.037     0.050 r  <hidden>
                         net (fo=2, routed)           0.062     0.112    <hidden>
    SLICE_X50Y54         SRL16E                                       r  <hidden>
  -------------------------------------------------------------------    -------------------

                         (clock clk rise edge)        0.000     0.000 r  
                                                      0.000     0.000 r  clk (IN)
                         net (fo=10823, unset)        0.039     0.039    <hidden>
    SLICE_X50Y54         SRL16E                                       r  <hidden>
                         clock pessimism              0.000     0.039    
    SLICE_X50Y54         SRL16E (Hold_G5LUT_SLICEM_CLK_D)
                                                      0.039     0.078    <hidden>
  -------------------------------------------------------------------
                         required time                         -0.078    
                         arrival time                           0.112    
  -------------------------------------------------------------------
                         slack                                  0.034    





Pulse Width Checks
--------------------------------------------------------------------------------------
Clock Name:         clk
Waveform(ns):       { 0.000 1.666 }
Period(ns):         3.333
Sources:            { clk }

Check Type        Corner  Lib Pin             Reference Pin  Required(ns)  Actual(ns)  Slack(ns)  Location      Pin
Min Period        n/a     RAMB18E2/CLKARDCLK  n/a            1.355         3.333       1.978      RAMB18_X6Y46  <hidden>
Min Period        n/a     RAMB18E2/CLKARDCLK  n/a            1.355         3.333       1.978      RAMB18_X6Y47  <hidden>
Min Period        n/a     RAMB18E2/CLKARDCLK  n/a            1.355         3.333       1.978      RAMB18_X8Y54  <hidden>
Min Period        n/a     RAMB18E2/CLKARDCLK  n/a            1.355         3.333       1.978      RAMB18_X7Y54  <hidden>
Min Period        n/a     SRL16E/CLK          n/a            1.064         3.333       2.269      SLICE_X49Y59  <hidden>
Min Period        n/a     SRL16E/CLK          n/a            1.064         3.333       2.269      SLICE_X49Y59  <hidden>
Min Period        n/a     SRL16E/CLK          n/a            1.064         3.333       2.269      SLICE_X49Y59  <hidden>
Min Period        n/a     SRL16E/CLK          n/a            1.064         3.333       2.269      SLICE_X49Y59  <hidden>
Min Period        n/a     SRL16E/CLK          n/a            1.064         3.333       2.269      SLICE_X49Y59  <hidden>
Min Period        n/a     SRL16E/CLK          n/a            1.064         3.333       2.269      SLICE_X49Y59  <hidden>
Low Pulse Width   Slow    RAMB18E2/CLKARDCLK  n/a            0.542         1.666       1.124      RAMB18_X6Y46  <hidden>
Low Pulse Width   Fast    RAMB18E2/CLKARDCLK  n/a            0.542         1.666       1.124      RAMB18_X6Y46  <hidden>
Low Pulse Width   Slow    RAMB18E2/CLKARDCLK  n/a            0.542         1.667       1.125      RAMB18_X6Y47  <hidden>
Low Pulse Width   Fast    RAMB18E2/CLKARDCLK  n/a            0.542         1.666       1.124      RAMB18_X6Y47  <hidden>
Low Pulse Width   Slow    RAMB18E2/CLKARDCLK  n/a            0.542         1.666       1.124      RAMB18_X8Y54  <hidden>
Low Pulse Width   Fast    RAMB18E2/CLKARDCLK  n/a            0.542         1.666       1.124      RAMB18_X8Y54  <hidden>
Low Pulse Width   Slow    RAMB18E2/CLKARDCLK  n/a            0.542         1.666       1.124      RAMB18_X7Y54  <hidden>
Low Pulse Width   Fast    RAMB18E2/CLKARDCLK  n/a            0.542         1.666       1.124      RAMB18_X7Y54  <hidden>
Low Pulse Width   Slow    SRL16E/CLK          n/a            0.532         1.667       1.135      SLICE_X49Y59  <hidden>
Low Pulse Width   Fast    SRL16E/CLK          n/a            0.532         1.666       1.134      SLICE_X49Y59  <hidden>
High Pulse Width  Slow    RAMB18E2/CLKARDCLK  n/a            0.542         1.666       1.124      RAMB18_X6Y46  <hidden>
High Pulse Width  Fast    RAMB18E2/CLKARDCLK  n/a            0.542         1.666       1.124      RAMB18_X6Y46  <hidden>
High Pulse Width  Slow    RAMB18E2/CLKARDCLK  n/a            0.542         1.666       1.124      RAMB18_X6Y47  <hidden>
High Pulse Width  Fast    RAMB18E2/CLKARDCLK  n/a            0.542         1.666       1.124      RAMB18_X6Y47  <hidden>
High Pulse Width  Slow    RAMB18E2/CLKARDCLK  n/a            0.542         1.666       1.124      RAMB18_X8Y54  <hidden>
High Pulse Width  Fast    RAMB18E2/CLKARDCLK  n/a            0.542         1.666       1.124      RAMB18_X8Y54  <hidden>
High Pulse Width  Slow    RAMB18E2/CLKARDCLK  n/a            0.542         1.666       1.124      RAMB18_X7Y54  <hidden>
High Pulse Width  Fast    RAMB18E2/CLKARDCLK  n/a            0.542         1.666       1.124      RAMB18_X7Y54  <hidden>
High Pulse Width  Slow    SRL16E/CLK          n/a            0.532         1.666       1.134      SLICE_X49Y59  <hidden>
High Pulse Width  Fast    SRL16E/CLK          n/a            0.532         1.666       1.134      SLICE_X49Y59  <hidden>



--------------------------------------------------------------------------------------
Path Group:  (none)
From Clock:  clk
  To Clock:  

Max Delay           166 Endpoints
Min Delay           166 Endpoints
--------------------------------------------------------------------------------------


Max Delay Paths
--------------------------------------------------------------------------------------
Slack:                    inf
  Source:                 IFM_bd_i/IFM_1/inst/ifm_struct/x4_delay_avarage_freq/register/synth_reg_inst/has_latency.fd_array[1].reg_comp_1/fd_prim_array[0].rst_comp.fdre_comp/C
                            (rising edge-triggered cell FDRE clocked by clk  {rise@0.000ns fall@1.666ns period=3.333ns})
  Destination:            estimated_frequency_4_delay[0]
                            (output port)
  Path Group:             (none)
  Path Type:              Max at Slow Process Corner
  Data Path Delay:        0.080ns  (logic 0.080ns (100.000%)  route 0.000ns (0.000%))
  Logic Levels:           0  
  Clock Uncertainty:      0.025ns  ((TSJ^2 + TIJ^2)^1/2 + DJ) / 2 + PE
    Total System Jitter     (TSJ):    0.050ns
    Total Input Jitter      (TIJ):    0.000ns
    Discrete Jitter          (DJ):    0.000ns
    Phase Error              (PE):    0.000ns

    Location             Delay type                Incr(ns)  Path(ns)    Netlist Resource(s)
  -------------------------------------------------------------------    -------------------
                         (clock clk rise edge)        0.000     0.000 r  
                                                      0.000     0.000 r  clk (IN)
                         net (fo=10823, unset)        0.030     0.030    IFM_bd_i/IFM_1/inst/ifm_struct/x4_delay_avarage_freq/register/synth_reg_inst/has_latency.fd_array[1].reg_comp_1/clk
    SLICE_X67Y137        FDRE                                         r  IFM_bd_i/IFM_1/inst/ifm_struct/x4_delay_avarage_freq/register/synth_reg_inst/has_latency.fd_array[1].reg_comp_1/fd_prim_array[0].rst_comp.fdre_comp/C
  -------------------------------------------------------------------    -------------------
    SLICE_X67Y137        FDRE (Prop_DFF2_SLICEM_C_Q)
                                                      0.080     0.110 r  IFM_bd_i/IFM_1/inst/ifm_struct/x4_delay_avarage_freq/register/synth_reg_inst/has_latency.fd_array[1].reg_comp_1/fd_prim_array[0].rst_comp.fdre_comp/Q
                         net (fo=0)                   0.000     0.110    estimated_frequency_4_delay[0]
                                                                      r  estimated_frequency_4_delay[0] (OUT)
  -------------------------------------------------------------------    -------------------

Slack:                    inf
  Source:                 IFM_bd_i/IFM_1/inst/ifm_struct/x4_delay_avarage_freq/register/synth_reg_inst/has_latency.fd_array[1].reg_comp_1/fd_prim_array[12].rst_comp.fdre_comp/C
                            (rising edge-triggered cell FDRE clocked by clk  {rise@0.000ns fall@1.666ns period=3.333ns})
  Destination:            estimated_frequency_4_delay[12]
                            (output port)
  Path Group:             (none)
  Path Type:              Max at Slow Process Corner
  Data Path Delay:        0.079ns  (logic 0.079ns (100.000%)  route 0.000ns (0.000%))
  Logic Levels:           0  
  Clock Uncertainty:      0.025ns  ((TSJ^2 + TIJ^2)^1/2 + DJ) / 2 + PE
    Total System Jitter     (TSJ):    0.050ns
    Total Input Jitter      (TIJ):    0.000ns
    Discrete Jitter          (DJ):    0.000ns
    Phase Error              (PE):    0.000ns

    Location             Delay type                Incr(ns)  Path(ns)    Netlist Resource(s)
  -------------------------------------------------------------------    -------------------
                         (clock clk rise edge)        0.000     0.000 r  
                                                      0.000     0.000 r  clk (IN)
                         net (fo=10823, unset)        0.030     0.030    IFM_bd_i/IFM_1/inst/ifm_struct/x4_delay_avarage_freq/register/synth_reg_inst/has_latency.fd_array[1].reg_comp_1/clk
    SLICE_X67Y138        FDRE                                         r  IFM_bd_i/IFM_1/inst/ifm_struct/x4_delay_avarage_freq/register/synth_reg_inst/has_latency.fd_array[1].reg_comp_1/fd_prim_array[12].rst_comp.fdre_comp/C
  -------------------------------------------------------------------    -------------------
    SLICE_X67Y138        FDRE (Prop_HFF_SLICEM_C_Q)
                                                      0.079     0.109 r  IFM_bd_i/IFM_1/inst/ifm_struct/x4_delay_avarage_freq/register/synth_reg_inst/has_latency.fd_array[1].reg_comp_1/fd_prim_array[12].rst_comp.fdre_comp/Q
                         net (fo=0)                   0.000     0.109    estimated_frequency_4_delay[12]
                                                                      r  estimated_frequency_4_delay[12] (OUT)
  -------------------------------------------------------------------    -------------------

Slack:                    inf
  Source:                 IFM_bd_i/IFM_1/inst/ifm_struct/x4_delay_avarage_freq/register/synth_reg_inst/has_latency.fd_array[1].reg_comp_1/fd_prim_array[20].rst_comp.fdre_comp/C
                            (rising edge-triggered cell FDRE clocked by clk  {rise@0.000ns fall@1.666ns period=3.333ns})
  Destination:            estimated_frequency_4_delay[20]
                            (output port)
  Path Group:             (none)
  Path Type:              Max at Slow Process Corner
  Data Path Delay:        0.079ns  (logic 0.079ns (100.000%)  route 0.000ns (0.000%))
  Logic Levels:           0  
  Clock Uncertainty:      0.025ns  ((TSJ^2 + TIJ^2)^1/2 + DJ) / 2 + PE
    Total System Jitter     (TSJ):    0.050ns
    Total Input Jitter      (TIJ):    0.000ns
    Discrete Jitter          (DJ):    0.000ns
    Phase Error              (PE):    0.000ns

    Location             Delay type                Incr(ns)  Path(ns)    Netlist Resource(s)
  -------------------------------------------------------------------    -------------------
                         (clock clk rise edge)        0.000     0.000 r  
                                                      0.000     0.000 r  clk (IN)
                         net (fo=10823, unset)        0.030     0.030    IFM_bd_i/IFM_1/inst/ifm_struct/x4_delay_avarage_freq/register/synth_reg_inst/has_latency.fd_array[1].reg_comp_1/clk
    SLICE_X67Y139        FDRE                                         r  IFM_bd_i/IFM_1/inst/ifm_struct/x4_delay_avarage_freq/register/synth_reg_inst/has_latency.fd_array[1].reg_comp_1/fd_prim_array[20].rst_comp.fdre_comp/C
  -------------------------------------------------------------------    -------------------
    SLICE_X67Y139        FDRE (Prop_HFF_SLICEM_C_Q)
                                                      0.079     0.109 r  IFM_bd_i/IFM_1/inst/ifm_struct/x4_delay_avarage_freq/register/synth_reg_inst/has_latency.fd_array[1].reg_comp_1/fd_prim_array[20].rst_comp.fdre_comp/Q
                         net (fo=0)                   0.000     0.109    estimated_frequency_4_delay[20]
                                                                      r  estimated_frequency_4_delay[20] (OUT)
  -------------------------------------------------------------------    -------------------

Slack:                    inf
  Source:                 IFM_bd_i/IFM_1/inst/ifm_struct/x4_delay_avarage_freq/register/synth_reg_inst/has_latency.fd_array[1].reg_comp_1/fd_prim_array[28].rst_comp.fdre_comp/C
                            (rising edge-triggered cell FDRE clocked by clk  {rise@0.000ns fall@1.666ns period=3.333ns})
  Destination:            estimated_frequency_4_delay[28]
                            (output port)
  Path Group:             (none)
  Path Type:              Max at Slow Process Corner
  Data Path Delay:        0.079ns  (logic 0.079ns (100.000%)  route 0.000ns (0.000%))
  Logic Levels:           0  
  Clock Uncertainty:      0.025ns  ((TSJ^2 + TIJ^2)^1/2 + DJ) / 2 + PE
    Total System Jitter     (TSJ):    0.050ns
    Total Input Jitter      (TIJ):    0.000ns
    Discrete Jitter          (DJ):    0.000ns
    Phase Error              (PE):    0.000ns

    Location             Delay type                Incr(ns)  Path(ns)    Netlist Resource(s)
  -------------------------------------------------------------------    -------------------
                         (clock clk rise edge)        0.000     0.000 r  
                                                      0.000     0.000 r  clk (IN)
                         net (fo=10823, unset)        0.030     0.030    IFM_bd_i/IFM_1/inst/ifm_struct/x4_delay_avarage_freq/register/synth_reg_inst/has_latency.fd_array[1].reg_comp_1/clk
    SLICE_X67Y140        FDRE                                         r  IFM_bd_i/IFM_1/inst/ifm_struct/x4_delay_avarage_freq/register/synth_reg_inst/has_latency.fd_array[1].reg_comp_1/fd_prim_array[28].rst_comp.fdre_comp/C
  -------------------------------------------------------------------    -------------------
    SLICE_X67Y140        FDRE (Prop_HFF_SLICEM_C_Q)
                                                      0.079     0.109 r  IFM_bd_i/IFM_1/inst/ifm_struct/x4_delay_avarage_freq/register/synth_reg_inst/has_latency.fd_array[1].reg_comp_1/fd_prim_array[28].rst_comp.fdre_comp/Q
                         net (fo=0)                   0.000     0.109    estimated_frequency_4_delay[28]
                                                                      r  estimated_frequency_4_delay[28] (OUT)
  -------------------------------------------------------------------    -------------------

Slack:                    inf
  Source:                 IFM_bd_i/IFM_1/inst/ifm_struct/x4_delay_avarage_freq/register/synth_reg_inst/has_latency.fd_array[1].reg_comp_1/fd_prim_array[36].rst_comp.fdre_comp/C
                            (rising edge-triggered cell FDRE clocked by clk  {rise@0.000ns fall@1.666ns period=3.333ns})
  Destination:            estimated_frequency_4_delay[36]
                            (output port)
  Path Group:             (none)
  Path Type:              Max at Slow Process Corner
  Data Path Delay:        0.079ns  (logic 0.079ns (100.000%)  route 0.000ns (0.000%))
  Logic Levels:           0  
  Clock Uncertainty:      0.025ns  ((TSJ^2 + TIJ^2)^1/2 + DJ) / 2 + PE
    Total System Jitter     (TSJ):    0.050ns
    Total Input Jitter      (TIJ):    0.000ns
    Discrete Jitter          (DJ):    0.000ns
    Phase Error              (PE):    0.000ns

    Location             Delay type                Incr(ns)  Path(ns)    Netlist Resource(s)
  -------------------------------------------------------------------    -------------------
                         (clock clk rise edge)        0.000     0.000 r  
                                                      0.000     0.000 r  clk (IN)
                         net (fo=10823, unset)        0.030     0.030    IFM_bd_i/IFM_1/inst/ifm_struct/x4_delay_avarage_freq/register/synth_reg_inst/has_latency.fd_array[1].reg_comp_1/clk
    SLICE_X67Y141        FDRE                                         r  IFM_bd_i/IFM_1/inst/ifm_struct/x4_delay_avarage_freq/register/synth_reg_inst/has_latency.fd_array[1].reg_comp_1/fd_prim_array[36].rst_comp.fdre_comp/C
  -------------------------------------------------------------------    -------------------
    SLICE_X67Y141        FDRE (Prop_HFF_SLICEM_C_Q)
                                                      0.079     0.109 r  IFM_bd_i/IFM_1/inst/ifm_struct/x4_delay_avarage_freq/register/synth_reg_inst/has_latency.fd_array[1].reg_comp_1/fd_prim_array[36].rst_comp.fdre_comp/Q
                         net (fo=0)                   0.000     0.109    estimated_frequency_4_delay[36]
                                                                      r  estimated_frequency_4_delay[36] (OUT)
  -------------------------------------------------------------------    -------------------

Slack:                    inf
  Source:                 IFM_bd_i/IFM_1/inst/ifm_struct/x4_delay_avarage_freq/register/synth_reg_inst/has_latency.fd_array[1].reg_comp_1/fd_prim_array[44].rst_comp.fdre_comp/C
                            (rising edge-triggered cell FDRE clocked by clk  {rise@0.000ns fall@1.666ns period=3.333ns})
  Destination:            estimated_frequency_4_delay[44]
                            (output port)
  Path Group:             (none)
  Path Type:              Max at Slow Process Corner
  Data Path Delay:        0.079ns  (logic 0.079ns (100.000%)  route 0.000ns (0.000%))
  Logic Levels:           0  
  Clock Uncertainty:      0.025ns  ((TSJ^2 + TIJ^2)^1/2 + DJ) / 2 + PE
    Total System Jitter     (TSJ):    0.050ns
    Total Input Jitter      (TIJ):    0.000ns
    Discrete Jitter          (DJ):    0.000ns
    Phase Error              (PE):    0.000ns

    Location             Delay type                Incr(ns)  Path(ns)    Netlist Resource(s)
  -------------------------------------------------------------------    -------------------
                         (clock clk rise edge)        0.000     0.000 r  
                                                      0.000     0.000 r  clk (IN)
                         net (fo=10823, unset)        0.030     0.030    IFM_bd_i/IFM_1/inst/ifm_struct/x4_delay_avarage_freq/register/synth_reg_inst/has_latency.fd_array[1].reg_comp_1/clk
    SLICE_X67Y142        FDRE                                         r  IFM_bd_i/IFM_1/inst/ifm_struct/x4_delay_avarage_freq/register/synth_reg_inst/has_latency.fd_array[1].reg_comp_1/fd_prim_array[44].rst_comp.fdre_comp/C
  -------------------------------------------------------------------    -------------------
    SLICE_X67Y142        FDRE (Prop_HFF_SLICEM_C_Q)
                                                      0.079     0.109 r  IFM_bd_i/IFM_1/inst/ifm_struct/x4_delay_avarage_freq/register/synth_reg_inst/has_latency.fd_array[1].reg_comp_1/fd_prim_array[44].rst_comp.fdre_comp/Q
                         net (fo=0)                   0.000     0.109    estimated_frequency_4_delay[44]
                                                                      r  estimated_frequency_4_delay[44] (OUT)
  -------------------------------------------------------------------    -------------------

Slack:                    inf
  Source:                 IFM_bd_i/IFM_1/inst/ifm_struct/x4_delay_avarage_freq/register/synth_reg_inst/has_latency.fd_array[1].reg_comp_1/fd_prim_array[4].rst_comp.fdre_comp/C
                            (rising edge-triggered cell FDRE clocked by clk  {rise@0.000ns fall@1.666ns period=3.333ns})
  Destination:            estimated_frequency_4_delay[4]
                            (output port)
  Path Group:             (none)
  Path Type:              Max at Slow Process Corner
  Data Path Delay:        0.079ns  (logic 0.079ns (100.000%)  route 0.000ns (0.000%))
  Logic Levels:           0  
  Clock Uncertainty:      0.025ns  ((TSJ^2 + TIJ^2)^1/2 + DJ) / 2 + PE
    Total System Jitter     (TSJ):    0.050ns
    Total Input Jitter      (TIJ):    0.000ns
    Discrete Jitter          (DJ):    0.000ns
    Phase Error              (PE):    0.000ns

    Location             Delay type                Incr(ns)  Path(ns)    Netlist Resource(s)
  -------------------------------------------------------------------    -------------------
                         (clock clk rise edge)        0.000     0.000 r  
                                                      0.000     0.000 r  clk (IN)
                         net (fo=10823, unset)        0.030     0.030    IFM_bd_i/IFM_1/inst/ifm_struct/x4_delay_avarage_freq/register/synth_reg_inst/has_latency.fd_array[1].reg_comp_1/clk
    SLICE_X67Y137        FDRE                                         r  IFM_bd_i/IFM_1/inst/ifm_struct/x4_delay_avarage_freq/register/synth_reg_inst/has_latency.fd_array[1].reg_comp_1/fd_prim_array[4].rst_comp.fdre_comp/C
  -------------------------------------------------------------------    -------------------
    SLICE_X67Y137        FDRE (Prop_HFF_SLICEM_C_Q)
                                                      0.079     0.109 r  IFM_bd_i/IFM_1/inst/ifm_struct/x4_delay_avarage_freq/register/synth_reg_inst/has_latency.fd_array[1].reg_comp_1/fd_prim_array[4].rst_comp.fdre_comp/Q
                         net (fo=0)                   0.000     0.109    estimated_frequency_4_delay[4]
                                                                      r  estimated_frequency_4_delay[4] (OUT)
  -------------------------------------------------------------------    -------------------

Slack:                    inf
  Source:                 IFM_bd_i/IFM_1/inst/ifm_struct/x4_delay_avarage_freq/register/synth_reg_inst/has_latency.fd_array[1].reg_comp_1/fd_prim_array[52].rst_comp.fdre_comp/C
                            (rising edge-triggered cell FDRE clocked by clk  {rise@0.000ns fall@1.666ns period=3.333ns})
  Destination:            estimated_frequency_4_delay[52]
                            (output port)
  Path Group:             (none)
  Path Type:              Max at Slow Process Corner
  Data Path Delay:        0.079ns  (logic 0.079ns (100.000%)  route 0.000ns (0.000%))
  Logic Levels:           0  
  Clock Uncertainty:      0.025ns  ((TSJ^2 + TIJ^2)^1/2 + DJ) / 2 + PE
    Total System Jitter     (TSJ):    0.050ns
    Total Input Jitter      (TIJ):    0.000ns
    Discrete Jitter          (DJ):    0.000ns
    Phase Error              (PE):    0.000ns

    Location             Delay type                Incr(ns)  Path(ns)    Netlist Resource(s)
  -------------------------------------------------------------------    -------------------
                         (clock clk rise edge)        0.000     0.000 r  
                                                      0.000     0.000 r  clk (IN)
                         net (fo=10823, unset)        0.030     0.030    IFM_bd_i/IFM_1/inst/ifm_struct/x4_delay_avarage_freq/register/synth_reg_inst/has_latency.fd_array[1].reg_comp_1/clk
    SLICE_X67Y143        FDRE                                         r  IFM_bd_i/IFM_1/inst/ifm_struct/x4_delay_avarage_freq/register/synth_reg_inst/has_latency.fd_array[1].reg_comp_1/fd_prim_array[52].rst_comp.fdre_comp/C
  -------------------------------------------------------------------    -------------------
    SLICE_X67Y143        FDRE (Prop_HFF_SLICEM_C_Q)
                                                      0.079     0.109 r  IFM_bd_i/IFM_1/inst/ifm_struct/x4_delay_avarage_freq/register/synth_reg_inst/has_latency.fd_array[1].reg_comp_1/fd_prim_array[52].rst_comp.fdre_comp/Q
                         net (fo=0)                   0.000     0.109    estimated_frequency_4_delay[52]
                                                                      r  estimated_frequency_4_delay[52] (OUT)
  -------------------------------------------------------------------    -------------------

Slack:                    inf
  Source:                 IFM_bd_i/IFM_1/inst/ifm_struct/x4_delay_avarage_freq/register/synth_reg_inst/has_latency.fd_array[1].reg_comp_1/fd_prim_array[60].rst_comp.fdre_comp/C
                            (rising edge-triggered cell FDRE clocked by clk  {rise@0.000ns fall@1.666ns period=3.333ns})
  Destination:            estimated_frequency_4_delay[60]
                            (output port)
  Path Group:             (none)
  Path Type:              Max at Slow Process Corner
  Data Path Delay:        0.079ns  (logic 0.079ns (100.000%)  route 0.000ns (0.000%))
  Logic Levels:           0  
  Clock Uncertainty:      0.025ns  ((TSJ^2 + TIJ^2)^1/2 + DJ) / 2 + PE
    Total System Jitter     (TSJ):    0.050ns
    Total Input Jitter      (TIJ):    0.000ns
    Discrete Jitter          (DJ):    0.000ns
    Phase Error              (PE):    0.000ns

    Location             Delay type                Incr(ns)  Path(ns)    Netlist Resource(s)
  -------------------------------------------------------------------    -------------------
                         (clock clk rise edge)        0.000     0.000 r  
                                                      0.000     0.000 r  clk (IN)
                         net (fo=10823, unset)        0.030     0.030    IFM_bd_i/IFM_1/inst/ifm_struct/x4_delay_avarage_freq/register/synth_reg_inst/has_latency.fd_array[1].reg_comp_1/clk
    SLICE_X67Y144        FDRE                                         r  IFM_bd_i/IFM_1/inst/ifm_struct/x4_delay_avarage_freq/register/synth_reg_inst/has_latency.fd_array[1].reg_comp_1/fd_prim_array[60].rst_comp.fdre_comp/C
  -------------------------------------------------------------------    -------------------
    SLICE_X67Y144        FDRE (Prop_HFF_SLICEM_C_Q)
                                                      0.079     0.109 r  IFM_bd_i/IFM_1/inst/ifm_struct/x4_delay_avarage_freq/register/synth_reg_inst/has_latency.fd_array[1].reg_comp_1/fd_prim_array[60].rst_comp.fdre_comp/Q
                         net (fo=0)                   0.000     0.109    estimated_frequency_4_delay[60]
                                                                      r  estimated_frequency_4_delay[60] (OUT)
  -------------------------------------------------------------------    -------------------

Slack:                    inf
  Source:                 IFM_bd_i/IFM_1/inst/ifm_struct/x4_delay_avarage_freq/register/synth_reg_inst/has_latency.fd_array[1].reg_comp_1/fd_prim_array[68].rst_comp.fdre_comp/C
                            (rising edge-triggered cell FDRE clocked by clk  {rise@0.000ns fall@1.666ns period=3.333ns})
  Destination:            estimated_frequency_4_delay[68]
                            (output port)
  Path Group:             (none)
  Path Type:              Max at Slow Process Corner
  Data Path Delay:        0.079ns  (logic 0.079ns (100.000%)  route 0.000ns (0.000%))
  Logic Levels:           0  
  Clock Uncertainty:      0.025ns  ((TSJ^2 + TIJ^2)^1/2 + DJ) / 2 + PE
    Total System Jitter     (TSJ):    0.050ns
    Total Input Jitter      (TIJ):    0.000ns
    Discrete Jitter          (DJ):    0.000ns
    Phase Error              (PE):    0.000ns

    Location             Delay type                Incr(ns)  Path(ns)    Netlist Resource(s)
  -------------------------------------------------------------------    -------------------
                         (clock clk rise edge)        0.000     0.000 r  
                                                      0.000     0.000 r  clk (IN)
                         net (fo=10823, unset)        0.030     0.030    IFM_bd_i/IFM_1/inst/ifm_struct/x4_delay_avarage_freq/register/synth_reg_inst/has_latency.fd_array[1].reg_comp_1/clk
    SLICE_X67Y145        FDRE                                         r  IFM_bd_i/IFM_1/inst/ifm_struct/x4_delay_avarage_freq/register/synth_reg_inst/has_latency.fd_array[1].reg_comp_1/fd_prim_array[68].rst_comp.fdre_comp/C
  -------------------------------------------------------------------    -------------------
    SLICE_X67Y145        FDRE (Prop_HFF_SLICEM_C_Q)
                                                      0.079     0.109 r  IFM_bd_i/IFM_1/inst/ifm_struct/x4_delay_avarage_freq/register/synth_reg_inst/has_latency.fd_array[1].reg_comp_1/fd_prim_array[68].rst_comp.fdre_comp/Q
                         net (fo=0)                   0.000     0.109    estimated_frequency_4_delay[68]
                                                                      r  estimated_frequency_4_delay[68] (OUT)
  -------------------------------------------------------------------    -------------------





Min Delay Paths
--------------------------------------------------------------------------------------
Slack:                    inf
  Source:                 IFM_bd_i/IFM_1/inst/ifm_struct/x4_delay_avarage_freq/register/synth_reg_inst/has_latency.fd_array[1].reg_comp_1/fd_prim_array[10].rst_comp.fdre_comp/C
                            (rising edge-triggered cell FDRE clocked by clk  {rise@0.000ns fall@1.666ns period=3.333ns})
  Destination:            estimated_frequency_4_delay[10]
                            (output port)
  Path Group:             (none)
  Path Type:              Min at Fast Process Corner
  Data Path Delay:        0.037ns  (logic 0.037ns (100.000%)  route 0.000ns (0.000%))
  Logic Levels:           0  
  Clock Uncertainty:      0.025ns  ((TSJ^2 + TIJ^2)^1/2 + DJ) / 2 + PE
    Total System Jitter     (TSJ):    0.050ns
    Total Input Jitter      (TIJ):    0.000ns
    Discrete Jitter          (DJ):    0.000ns
    Phase Error              (PE):    0.000ns

    Location             Delay type                Incr(ns)  Path(ns)    Netlist Resource(s)
  -------------------------------------------------------------------    -------------------
                         (clock clk rise edge)        0.000     0.000 r  
                                                      0.000     0.000 r  clk (IN)
                         net (fo=10823, unset)        0.013     0.013    IFM_bd_i/IFM_1/inst/ifm_struct/x4_delay_avarage_freq/register/synth_reg_inst/has_latency.fd_array[1].reg_comp_1/clk
    SLICE_X67Y138        FDRE                                         r  IFM_bd_i/IFM_1/inst/ifm_struct/x4_delay_avarage_freq/register/synth_reg_inst/has_latency.fd_array[1].reg_comp_1/fd_prim_array[10].rst_comp.fdre_comp/C
  -------------------------------------------------------------------    -------------------
    SLICE_X67Y138        FDRE (Prop_FFF_SLICEM_C_Q)
                                                      0.037     0.050 r  IFM_bd_i/IFM_1/inst/ifm_struct/x4_delay_avarage_freq/register/synth_reg_inst/has_latency.fd_array[1].reg_comp_1/fd_prim_array[10].rst_comp.fdre_comp/Q
                         net (fo=0)                   0.000     0.050    estimated_frequency_4_delay[10]
                                                                      r  estimated_frequency_4_delay[10] (OUT)
  -------------------------------------------------------------------    -------------------

Slack:                    inf
  Source:                 IFM_bd_i/IFM_1/inst/ifm_struct/x4_delay_avarage_freq/register/synth_reg_inst/has_latency.fd_array[1].reg_comp_1/fd_prim_array[18].rst_comp.fdre_comp/C
                            (rising edge-triggered cell FDRE clocked by clk  {rise@0.000ns fall@1.666ns period=3.333ns})
  Destination:            estimated_frequency_4_delay[18]
                            (output port)
  Path Group:             (none)
  Path Type:              Min at Fast Process Corner
  Data Path Delay:        0.037ns  (logic 0.037ns (100.000%)  route 0.000ns (0.000%))
  Logic Levels:           0  
  Clock Uncertainty:      0.025ns  ((TSJ^2 + TIJ^2)^1/2 + DJ) / 2 + PE
    Total System Jitter     (TSJ):    0.050ns
    Total Input Jitter      (TIJ):    0.000ns
    Discrete Jitter          (DJ):    0.000ns
    Phase Error              (PE):    0.000ns

    Location             Delay type                Incr(ns)  Path(ns)    Netlist Resource(s)
  -------------------------------------------------------------------    -------------------
                         (clock clk rise edge)        0.000     0.000 r  
                                                      0.000     0.000 r  clk (IN)
                         net (fo=10823, unset)        0.013     0.013    IFM_bd_i/IFM_1/inst/ifm_struct/x4_delay_avarage_freq/register/synth_reg_inst/has_latency.fd_array[1].reg_comp_1/clk
    SLICE_X67Y139        FDRE                                         r  IFM_bd_i/IFM_1/inst/ifm_struct/x4_delay_avarage_freq/register/synth_reg_inst/has_latency.fd_array[1].reg_comp_1/fd_prim_array[18].rst_comp.fdre_comp/C
  -------------------------------------------------------------------    -------------------
    SLICE_X67Y139        FDRE (Prop_FFF_SLICEM_C_Q)
                                                      0.037     0.050 r  IFM_bd_i/IFM_1/inst/ifm_struct/x4_delay_avarage_freq/register/synth_reg_inst/has_latency.fd_array[1].reg_comp_1/fd_prim_array[18].rst_comp.fdre_comp/Q
                         net (fo=0)                   0.000     0.050    estimated_frequency_4_delay[18]
                                                                      r  estimated_frequency_4_delay[18] (OUT)
  -------------------------------------------------------------------    -------------------

Slack:                    inf
  Source:                 IFM_bd_i/IFM_1/inst/ifm_struct/x4_delay_avarage_freq/register/synth_reg_inst/has_latency.fd_array[1].reg_comp_1/fd_prim_array[26].rst_comp.fdre_comp/C
                            (rising edge-triggered cell FDRE clocked by clk  {rise@0.000ns fall@1.666ns period=3.333ns})
  Destination:            estimated_frequency_4_delay[26]
                            (output port)
  Path Group:             (none)
  Path Type:              Min at Fast Process Corner
  Data Path Delay:        0.037ns  (logic 0.037ns (100.000%)  route 0.000ns (0.000%))
  Logic Levels:           0  
  Clock Uncertainty:      0.025ns  ((TSJ^2 + TIJ^2)^1/2 + DJ) / 2 + PE
    Total System Jitter     (TSJ):    0.050ns
    Total Input Jitter      (TIJ):    0.000ns
    Discrete Jitter          (DJ):    0.000ns
    Phase Error              (PE):    0.000ns

    Location             Delay type                Incr(ns)  Path(ns)    Netlist Resource(s)
  -------------------------------------------------------------------    -------------------
                         (clock clk rise edge)        0.000     0.000 r  
                                                      0.000     0.000 r  clk (IN)
                         net (fo=10823, unset)        0.013     0.013    IFM_bd_i/IFM_1/inst/ifm_struct/x4_delay_avarage_freq/register/synth_reg_inst/has_latency.fd_array[1].reg_comp_1/clk
    SLICE_X67Y140        FDRE                                         r  IFM_bd_i/IFM_1/inst/ifm_struct/x4_delay_avarage_freq/register/synth_reg_inst/has_latency.fd_array[1].reg_comp_1/fd_prim_array[26].rst_comp.fdre_comp/C
  -------------------------------------------------------------------    -------------------
    SLICE_X67Y140        FDRE (Prop_FFF_SLICEM_C_Q)
                                                      0.037     0.050 r  IFM_bd_i/IFM_1/inst/ifm_struct/x4_delay_avarage_freq/register/synth_reg_inst/has_latency.fd_array[1].reg_comp_1/fd_prim_array[26].rst_comp.fdre_comp/Q
                         net (fo=0)                   0.000     0.050    estimated_frequency_4_delay[26]
                                                                      r  estimated_frequency_4_delay[26] (OUT)
  -------------------------------------------------------------------    -------------------

Slack:                    inf
  Source:                 IFM_bd_i/IFM_1/inst/ifm_struct/x4_delay_avarage_freq/register/synth_reg_inst/has_latency.fd_array[1].reg_comp_1/fd_prim_array[2].rst_comp.fdre_comp/C
                            (rising edge-triggered cell FDRE clocked by clk  {rise@0.000ns fall@1.666ns period=3.333ns})
  Destination:            estimated_frequency_4_delay[2]
                            (output port)
  Path Group:             (none)
  Path Type:              Min at Fast Process Corner
  Data Path Delay:        0.037ns  (logic 0.037ns (100.000%)  route 0.000ns (0.000%))
  Logic Levels:           0  
  Clock Uncertainty:      0.025ns  ((TSJ^2 + TIJ^2)^1/2 + DJ) / 2 + PE
    Total System Jitter     (TSJ):    0.050ns
    Total Input Jitter      (TIJ):    0.000ns
    Discrete Jitter          (DJ):    0.000ns
    Phase Error              (PE):    0.000ns

    Location             Delay type                Incr(ns)  Path(ns)    Netlist Resource(s)
  -------------------------------------------------------------------    -------------------
                         (clock clk rise edge)        0.000     0.000 r  
                                                      0.000     0.000 r  clk (IN)
                         net (fo=10823, unset)        0.013     0.013    IFM_bd_i/IFM_1/inst/ifm_struct/x4_delay_avarage_freq/register/synth_reg_inst/has_latency.fd_array[1].reg_comp_1/clk
    SLICE_X67Y137        FDRE                                         r  IFM_bd_i/IFM_1/inst/ifm_struct/x4_delay_avarage_freq/register/synth_reg_inst/has_latency.fd_array[1].reg_comp_1/fd_prim_array[2].rst_comp.fdre_comp/C
  -------------------------------------------------------------------    -------------------
    SLICE_X67Y137        FDRE (Prop_FFF_SLICEM_C_Q)
                                                      0.037     0.050 r  IFM_bd_i/IFM_1/inst/ifm_struct/x4_delay_avarage_freq/register/synth_reg_inst/has_latency.fd_array[1].reg_comp_1/fd_prim_array[2].rst_comp.fdre_comp/Q
                         net (fo=0)                   0.000     0.050    estimated_frequency_4_delay[2]
                                                                      r  estimated_frequency_4_delay[2] (OUT)
  -------------------------------------------------------------------    -------------------

Slack:                    inf
  Source:                 IFM_bd_i/IFM_1/inst/ifm_struct/x4_delay_avarage_freq/register/synth_reg_inst/has_latency.fd_array[1].reg_comp_1/fd_prim_array[34].rst_comp.fdre_comp/C
                            (rising edge-triggered cell FDRE clocked by clk  {rise@0.000ns fall@1.666ns period=3.333ns})
  Destination:            estimated_frequency_4_delay[34]
                            (output port)
  Path Group:             (none)
  Path Type:              Min at Fast Process Corner
  Data Path Delay:        0.037ns  (logic 0.037ns (100.000%)  route 0.000ns (0.000%))
  Logic Levels:           0  
  Clock Uncertainty:      0.025ns  ((TSJ^2 + TIJ^2)^1/2 + DJ) / 2 + PE
    Total System Jitter     (TSJ):    0.050ns
    Total Input Jitter      (TIJ):    0.000ns
    Discrete Jitter          (DJ):    0.000ns
    Phase Error              (PE):    0.000ns

    Location             Delay type                Incr(ns)  Path(ns)    Netlist Resource(s)
  -------------------------------------------------------------------    -------------------
                         (clock clk rise edge)        0.000     0.000 r  
                                                      0.000     0.000 r  clk (IN)
                         net (fo=10823, unset)        0.013     0.013    IFM_bd_i/IFM_1/inst/ifm_struct/x4_delay_avarage_freq/register/synth_reg_inst/has_latency.fd_array[1].reg_comp_1/clk
    SLICE_X67Y141        FDRE                                         r  IFM_bd_i/IFM_1/inst/ifm_struct/x4_delay_avarage_freq/register/synth_reg_inst/has_latency.fd_array[1].reg_comp_1/fd_prim_array[34].rst_comp.fdre_comp/C
  -------------------------------------------------------------------    -------------------
    SLICE_X67Y141        FDRE (Prop_FFF_SLICEM_C_Q)
                                                      0.037     0.050 r  IFM_bd_i/IFM_1/inst/ifm_struct/x4_delay_avarage_freq/register/synth_reg_inst/has_latency.fd_array[1].reg_comp_1/fd_prim_array[34].rst_comp.fdre_comp/Q
                         net (fo=0)                   0.000     0.050    estimated_frequency_4_delay[34]
                                                                      r  estimated_frequency_4_delay[34] (OUT)
  -------------------------------------------------------------------    -------------------

Slack:                    inf
  Source:                 IFM_bd_i/IFM_1/inst/ifm_struct/x4_delay_avarage_freq/register/synth_reg_inst/has_latency.fd_array[1].reg_comp_1/fd_prim_array[42].rst_comp.fdre_comp/C
                            (rising edge-triggered cell FDRE clocked by clk  {rise@0.000ns fall@1.666ns period=3.333ns})
  Destination:            estimated_frequency_4_delay[42]
                            (output port)
  Path Group:             (none)
  Path Type:              Min at Fast Process Corner
  Data Path Delay:        0.037ns  (logic 0.037ns (100.000%)  route 0.000ns (0.000%))
  Logic Levels:           0  
  Clock Uncertainty:      0.025ns  ((TSJ^2 + TIJ^2)^1/2 + DJ) / 2 + PE
    Total System Jitter     (TSJ):    0.050ns
    Total Input Jitter      (TIJ):    0.000ns
    Discrete Jitter          (DJ):    0.000ns
    Phase Error              (PE):    0.000ns

    Location             Delay type                Incr(ns)  Path(ns)    Netlist Resource(s)
  -------------------------------------------------------------------    -------------------
                         (clock clk rise edge)        0.000     0.000 r  
                                                      0.000     0.000 r  clk (IN)
                         net (fo=10823, unset)        0.013     0.013    IFM_bd_i/IFM_1/inst/ifm_struct/x4_delay_avarage_freq/register/synth_reg_inst/has_latency.fd_array[1].reg_comp_1/clk
    SLICE_X67Y142        FDRE                                         r  IFM_bd_i/IFM_1/inst/ifm_struct/x4_delay_avarage_freq/register/synth_reg_inst/has_latency.fd_array[1].reg_comp_1/fd_prim_array[42].rst_comp.fdre_comp/C
  -------------------------------------------------------------------    -------------------
    SLICE_X67Y142        FDRE (Prop_FFF_SLICEM_C_Q)
                                                      0.037     0.050 r  IFM_bd_i/IFM_1/inst/ifm_struct/x4_delay_avarage_freq/register/synth_reg_inst/has_latency.fd_array[1].reg_comp_1/fd_prim_array[42].rst_comp.fdre_comp/Q
                         net (fo=0)                   0.000     0.050    estimated_frequency_4_delay[42]
                                                                      r  estimated_frequency_4_delay[42] (OUT)
  -------------------------------------------------------------------    -------------------

Slack:                    inf
  Source:                 IFM_bd_i/IFM_1/inst/ifm_struct/x4_delay_avarage_freq/register/synth_reg_inst/has_latency.fd_array[1].reg_comp_1/fd_prim_array[50].rst_comp.fdre_comp/C
                            (rising edge-triggered cell FDRE clocked by clk  {rise@0.000ns fall@1.666ns period=3.333ns})
  Destination:            estimated_frequency_4_delay[50]
                            (output port)
  Path Group:             (none)
  Path Type:              Min at Fast Process Corner
  Data Path Delay:        0.037ns  (logic 0.037ns (100.000%)  route 0.000ns (0.000%))
  Logic Levels:           0  
  Clock Uncertainty:      0.025ns  ((TSJ^2 + TIJ^2)^1/2 + DJ) / 2 + PE
    Total System Jitter     (TSJ):    0.050ns
    Total Input Jitter      (TIJ):    0.000ns
    Discrete Jitter          (DJ):    0.000ns
    Phase Error              (PE):    0.000ns

    Location             Delay type                Incr(ns)  Path(ns)    Netlist Resource(s)
  -------------------------------------------------------------------    -------------------
                         (clock clk rise edge)        0.000     0.000 r  
                                                      0.000     0.000 r  clk (IN)
                         net (fo=10823, unset)        0.013     0.013    IFM_bd_i/IFM_1/inst/ifm_struct/x4_delay_avarage_freq/register/synth_reg_inst/has_latency.fd_array[1].reg_comp_1/clk
    SLICE_X67Y143        FDRE                                         r  IFM_bd_i/IFM_1/inst/ifm_struct/x4_delay_avarage_freq/register/synth_reg_inst/has_latency.fd_array[1].reg_comp_1/fd_prim_array[50].rst_comp.fdre_comp/C
  -------------------------------------------------------------------    -------------------
    SLICE_X67Y143        FDRE (Prop_FFF_SLICEM_C_Q)
                                                      0.037     0.050 r  IFM_bd_i/IFM_1/inst/ifm_struct/x4_delay_avarage_freq/register/synth_reg_inst/has_latency.fd_array[1].reg_comp_1/fd_prim_array[50].rst_comp.fdre_comp/Q
                         net (fo=0)                   0.000     0.050    estimated_frequency_4_delay[50]
                                                                      r  estimated_frequency_4_delay[50] (OUT)
  -------------------------------------------------------------------    -------------------

Slack:                    inf
  Source:                 IFM_bd_i/IFM_1/inst/ifm_struct/x4_delay_avarage_freq/register/synth_reg_inst/has_latency.fd_array[1].reg_comp_1/fd_prim_array[58].rst_comp.fdre_comp/C
                            (rising edge-triggered cell FDRE clocked by clk  {rise@0.000ns fall@1.666ns period=3.333ns})
  Destination:            estimated_frequency_4_delay[58]
                            (output port)
  Path Group:             (none)
  Path Type:              Min at Fast Process Corner
  Data Path Delay:        0.037ns  (logic 0.037ns (100.000%)  route 0.000ns (0.000%))
  Logic Levels:           0  
  Clock Uncertainty:      0.025ns  ((TSJ^2 + TIJ^2)^1/2 + DJ) / 2 + PE
    Total System Jitter     (TSJ):    0.050ns
    Total Input Jitter      (TIJ):    0.000ns
    Discrete Jitter          (DJ):    0.000ns
    Phase Error              (PE):    0.000ns

    Location             Delay type                Incr(ns)  Path(ns)    Netlist Resource(s)
  -------------------------------------------------------------------    -------------------
                         (clock clk rise edge)        0.000     0.000 r  
                                                      0.000     0.000 r  clk (IN)
                         net (fo=10823, unset)        0.013     0.013    IFM_bd_i/IFM_1/inst/ifm_struct/x4_delay_avarage_freq/register/synth_reg_inst/has_latency.fd_array[1].reg_comp_1/clk
    SLICE_X67Y144        FDRE                                         r  IFM_bd_i/IFM_1/inst/ifm_struct/x4_delay_avarage_freq/register/synth_reg_inst/has_latency.fd_array[1].reg_comp_1/fd_prim_array[58].rst_comp.fdre_comp/C
  -------------------------------------------------------------------    -------------------
    SLICE_X67Y144        FDRE (Prop_FFF_SLICEM_C_Q)
                                                      0.037     0.050 r  IFM_bd_i/IFM_1/inst/ifm_struct/x4_delay_avarage_freq/register/synth_reg_inst/has_latency.fd_array[1].reg_comp_1/fd_prim_array[58].rst_comp.fdre_comp/Q
                         net (fo=0)                   0.000     0.050    estimated_frequency_4_delay[58]
                                                                      r  estimated_frequency_4_delay[58] (OUT)
  -------------------------------------------------------------------    -------------------

Slack:                    inf
  Source:                 IFM_bd_i/IFM_1/inst/ifm_struct/x4_delay_avarage_freq/register/synth_reg_inst/has_latency.fd_array[1].reg_comp_1/fd_prim_array[66].rst_comp.fdre_comp/C
                            (rising edge-triggered cell FDRE clocked by clk  {rise@0.000ns fall@1.666ns period=3.333ns})
  Destination:            estimated_frequency_4_delay[66]
                            (output port)
  Path Group:             (none)
  Path Type:              Min at Fast Process Corner
  Data Path Delay:        0.037ns  (logic 0.037ns (100.000%)  route 0.000ns (0.000%))
  Logic Levels:           0  
  Clock Uncertainty:      0.025ns  ((TSJ^2 + TIJ^2)^1/2 + DJ) / 2 + PE
    Total System Jitter     (TSJ):    0.050ns
    Total Input Jitter      (TIJ):    0.000ns
    Discrete Jitter          (DJ):    0.000ns
    Phase Error              (PE):    0.000ns

    Location             Delay type                Incr(ns)  Path(ns)    Netlist Resource(s)
  -------------------------------------------------------------------    -------------------
                         (clock clk rise edge)        0.000     0.000 r  
                                                      0.000     0.000 r  clk (IN)
                         net (fo=10823, unset)        0.013     0.013    IFM_bd_i/IFM_1/inst/ifm_struct/x4_delay_avarage_freq/register/synth_reg_inst/has_latency.fd_array[1].reg_comp_1/clk
    SLICE_X67Y145        FDRE                                         r  IFM_bd_i/IFM_1/inst/ifm_struct/x4_delay_avarage_freq/register/synth_reg_inst/has_latency.fd_array[1].reg_comp_1/fd_prim_array[66].rst_comp.fdre_comp/C
  -------------------------------------------------------------------    -------------------
    SLICE_X67Y145        FDRE (Prop_FFF_SLICEM_C_Q)
                                                      0.037     0.050 r  IFM_bd_i/IFM_1/inst/ifm_struct/x4_delay_avarage_freq/register/synth_reg_inst/has_latency.fd_array[1].reg_comp_1/fd_prim_array[66].rst_comp.fdre_comp/Q
                         net (fo=0)                   0.000     0.050    estimated_frequency_4_delay[66]
                                                                      r  estimated_frequency_4_delay[66] (OUT)
  -------------------------------------------------------------------    -------------------

Slack:                    inf
  Source:                 IFM_bd_i/IFM_1/inst/ifm_struct/x4_delay_avarage_freq/register/synth_reg_inst/has_latency.fd_array[1].reg_comp_1/fd_prim_array[74].rst_comp.fdre_comp/C
                            (rising edge-triggered cell FDRE clocked by clk  {rise@0.000ns fall@1.666ns period=3.333ns})
  Destination:            estimated_frequency_4_delay[74]
                            (output port)
  Path Group:             (none)
  Path Type:              Min at Fast Process Corner
  Data Path Delay:        0.037ns  (logic 0.037ns (100.000%)  route 0.000ns (0.000%))
  Logic Levels:           0  
  Clock Uncertainty:      0.025ns  ((TSJ^2 + TIJ^2)^1/2 + DJ) / 2 + PE
    Total System Jitter     (TSJ):    0.050ns
    Total Input Jitter      (TIJ):    0.000ns
    Discrete Jitter          (DJ):    0.000ns
    Phase Error              (PE):    0.000ns

    Location             Delay type                Incr(ns)  Path(ns)    Netlist Resource(s)
  -------------------------------------------------------------------    -------------------
                         (clock clk rise edge)        0.000     0.000 r  
                                                      0.000     0.000 r  clk (IN)
                         net (fo=10823, unset)        0.013     0.013    IFM_bd_i/IFM_1/inst/ifm_struct/x4_delay_avarage_freq/register/synth_reg_inst/has_latency.fd_array[1].reg_comp_1/clk
    SLICE_X67Y146        FDRE                                         r  IFM_bd_i/IFM_1/inst/ifm_struct/x4_delay_avarage_freq/register/synth_reg_inst/has_latency.fd_array[1].reg_comp_1/fd_prim_array[74].rst_comp.fdre_comp/C
  -------------------------------------------------------------------    -------------------
    SLICE_X67Y146        FDRE (Prop_FFF_SLICEM_C_Q)
                                                      0.037     0.050 r  IFM_bd_i/IFM_1/inst/ifm_struct/x4_delay_avarage_freq/register/synth_reg_inst/has_latency.fd_array[1].reg_comp_1/fd_prim_array[74].rst_comp.fdre_comp/Q
                         net (fo=0)                   0.000     0.050    estimated_frequency_4_delay[74]
                                                                      r  estimated_frequency_4_delay[74] (OUT)
  -------------------------------------------------------------------    -------------------





--------------------------------------------------------------------------------------
Path Group:  (none)
From Clock:  
  To Clock:  clk

Max Delay            32 Endpoints
Min Delay            32 Endpoints
--------------------------------------------------------------------------------------


Max Delay Paths
--------------------------------------------------------------------------------------
Slack:                    inf
  Source:                 realpart[0]
                            (input port)
  Destination:            <hidden>
                            (rising edge-triggered cell SRL16E clocked by clk  {rise@0.000ns fall@1.666ns period=3.333ns})
  Path Group:             (none)
  Path Type:              Setup (Max at Slow Process Corner)
  Data Path Delay:        0.000ns  (logic 0.000ns (0.000%)  route 0.000ns (0.000%))
  Logic Levels:           0  
  Clock Path Skew:        0.043ns (DCD - SCD + CPR)
    Destination Clock Delay (DCD):    0.043ns
    Source Clock Delay      (SCD):    0.000ns
    Clock Pessimism Removal (CPR):    0.000ns
  Clock Uncertainty:      0.025ns  ((TSJ^2 + TIJ^2)^1/2 + DJ) / 2 + PE
    Total System Jitter     (TSJ):    0.050ns
    Total Input Jitter      (TIJ):    0.000ns
    Discrete Jitter          (DJ):    0.000ns
    Phase Error              (PE):    0.000ns

    Location             Delay type                Incr(ns)  Path(ns)    Netlist Resource(s)
  -------------------------------------------------------------------    -------------------
                                                      0.000     0.000 r  realpart[0] (IN)
                         net (fo=0)                   0.000     0.000    <hidden>
    SLICE_X49Y60         SRL16E                                       r  <hidden>
  -------------------------------------------------------------------    -------------------

                         (clock clk rise edge)        0.000     0.000 r  
                                                      0.000     0.000 r  clk (IN)
                         net (fo=10823, unset)        0.043     0.043    <hidden>
    SLICE_X49Y60         SRL16E                                       r  <hidden>

Slack:                    inf
  Source:                 realpart[10]
                            (input port)
  Destination:            <hidden>
                            (rising edge-triggered cell SRL16E clocked by clk  {rise@0.000ns fall@1.666ns period=3.333ns})
  Path Group:             (none)
  Path Type:              Setup (Max at Slow Process Corner)
  Data Path Delay:        0.000ns  (logic 0.000ns (0.000%)  route 0.000ns (0.000%))
  Logic Levels:           0  
  Clock Path Skew:        0.043ns (DCD - SCD + CPR)
    Destination Clock Delay (DCD):    0.043ns
    Source Clock Delay      (SCD):    0.000ns
    Clock Pessimism Removal (CPR):    0.000ns
  Clock Uncertainty:      0.025ns  ((TSJ^2 + TIJ^2)^1/2 + DJ) / 2 + PE
    Total System Jitter     (TSJ):    0.050ns
    Total Input Jitter      (TIJ):    0.000ns
    Discrete Jitter          (DJ):    0.000ns
    Phase Error              (PE):    0.000ns

    Location             Delay type                Incr(ns)  Path(ns)    Netlist Resource(s)
  -------------------------------------------------------------------    -------------------
                                                      0.000     0.000 r  realpart[10] (IN)
                         net (fo=0)                   0.000     0.000    <hidden>
    SLICE_X49Y60         SRL16E                                       r  <hidden>
  -------------------------------------------------------------------    -------------------

                         (clock clk rise edge)        0.000     0.000 r  
                                                      0.000     0.000 r  clk (IN)
                         net (fo=10823, unset)        0.043     0.043    <hidden>
    SLICE_X49Y60         SRL16E                                       r  <hidden>

Slack:                    inf
  Source:                 realpart[11]
                            (input port)
  Destination:            <hidden>
                            (rising edge-triggered cell SRL16E clocked by clk  {rise@0.000ns fall@1.666ns period=3.333ns})
  Path Group:             (none)
  Path Type:              Setup (Max at Slow Process Corner)
  Data Path Delay:        0.000ns  (logic 0.000ns (0.000%)  route 0.000ns (0.000%))
  Logic Levels:           0  
  Clock Path Skew:        0.043ns (DCD - SCD + CPR)
    Destination Clock Delay (DCD):    0.043ns
    Source Clock Delay      (SCD):    0.000ns
    Clock Pessimism Removal (CPR):    0.000ns
  Clock Uncertainty:      0.025ns  ((TSJ^2 + TIJ^2)^1/2 + DJ) / 2 + PE
    Total System Jitter     (TSJ):    0.050ns
    Total Input Jitter      (TIJ):    0.000ns
    Discrete Jitter          (DJ):    0.000ns
    Phase Error              (PE):    0.000ns

    Location             Delay type                Incr(ns)  Path(ns)    Netlist Resource(s)
  -------------------------------------------------------------------    -------------------
                                                      0.000     0.000 r  realpart[11] (IN)
                         net (fo=0)                   0.000     0.000    <hidden>
    SLICE_X49Y60         SRL16E                                       r  <hidden>
  -------------------------------------------------------------------    -------------------

                         (clock clk rise edge)        0.000     0.000 r  
                                                      0.000     0.000 r  clk (IN)
                         net (fo=10823, unset)        0.043     0.043    <hidden>
    SLICE_X49Y60         SRL16E                                       r  <hidden>

Slack:                    inf
  Source:                 realpart[12]
                            (input port)
  Destination:            <hidden>
                            (rising edge-triggered cell SRL16E clocked by clk  {rise@0.000ns fall@1.666ns period=3.333ns})
  Path Group:             (none)
  Path Type:              Setup (Max at Slow Process Corner)
  Data Path Delay:        0.000ns  (logic 0.000ns (0.000%)  route 0.000ns (0.000%))
  Logic Levels:           0  
  Clock Path Skew:        0.043ns (DCD - SCD + CPR)
    Destination Clock Delay (DCD):    0.043ns
    Source Clock Delay      (SCD):    0.000ns
    Clock Pessimism Removal (CPR):    0.000ns
  Clock Uncertainty:      0.025ns  ((TSJ^2 + TIJ^2)^1/2 + DJ) / 2 + PE
    Total System Jitter     (TSJ):    0.050ns
    Total Input Jitter      (TIJ):    0.000ns
    Discrete Jitter          (DJ):    0.000ns
    Phase Error              (PE):    0.000ns

    Location             Delay type                Incr(ns)  Path(ns)    Netlist Resource(s)
  -------------------------------------------------------------------    -------------------
                                                      0.000     0.000 r  realpart[12] (IN)
                         net (fo=0)                   0.000     0.000    <hidden>
    SLICE_X49Y60         SRL16E                                       r  <hidden>
  -------------------------------------------------------------------    -------------------

                         (clock clk rise edge)        0.000     0.000 r  
                                                      0.000     0.000 r  clk (IN)
                         net (fo=10823, unset)        0.043     0.043    <hidden>
    SLICE_X49Y60         SRL16E                                       r  <hidden>

Slack:                    inf
  Source:                 realpart[13]
                            (input port)
  Destination:            <hidden>
                            (rising edge-triggered cell SRL16E clocked by clk  {rise@0.000ns fall@1.666ns period=3.333ns})
  Path Group:             (none)
  Path Type:              Setup (Max at Slow Process Corner)
  Data Path Delay:        0.000ns  (logic 0.000ns (0.000%)  route 0.000ns (0.000%))
  Logic Levels:           0  
  Clock Path Skew:        0.043ns (DCD - SCD + CPR)
    Destination Clock Delay (DCD):    0.043ns
    Source Clock Delay      (SCD):    0.000ns
    Clock Pessimism Removal (CPR):    0.000ns
  Clock Uncertainty:      0.025ns  ((TSJ^2 + TIJ^2)^1/2 + DJ) / 2 + PE
    Total System Jitter     (TSJ):    0.050ns
    Total Input Jitter      (TIJ):    0.000ns
    Discrete Jitter          (DJ):    0.000ns
    Phase Error              (PE):    0.000ns

    Location             Delay type                Incr(ns)  Path(ns)    Netlist Resource(s)
  -------------------------------------------------------------------    -------------------
                                                      0.000     0.000 r  realpart[13] (IN)
                         net (fo=0)                   0.000     0.000    <hidden>
    SLICE_X49Y60         SRL16E                                       r  <hidden>
  -------------------------------------------------------------------    -------------------

                         (clock clk rise edge)        0.000     0.000 r  
                                                      0.000     0.000 r  clk (IN)
                         net (fo=10823, unset)        0.043     0.043    <hidden>
    SLICE_X49Y60         SRL16E                                       r  <hidden>

Slack:                    inf
  Source:                 realpart[14]
                            (input port)
  Destination:            <hidden>
                            (rising edge-triggered cell SRL16E clocked by clk  {rise@0.000ns fall@1.666ns period=3.333ns})
  Path Group:             (none)
  Path Type:              Setup (Max at Slow Process Corner)
  Data Path Delay:        0.000ns  (logic 0.000ns (0.000%)  route 0.000ns (0.000%))
  Logic Levels:           0  
  Clock Path Skew:        0.043ns (DCD - SCD + CPR)
    Destination Clock Delay (DCD):    0.043ns
    Source Clock Delay      (SCD):    0.000ns
    Clock Pessimism Removal (CPR):    0.000ns
  Clock Uncertainty:      0.025ns  ((TSJ^2 + TIJ^2)^1/2 + DJ) / 2 + PE
    Total System Jitter     (TSJ):    0.050ns
    Total Input Jitter      (TIJ):    0.000ns
    Discrete Jitter          (DJ):    0.000ns
    Phase Error              (PE):    0.000ns

    Location             Delay type                Incr(ns)  Path(ns)    Netlist Resource(s)
  -------------------------------------------------------------------    -------------------
                                                      0.000     0.000 r  realpart[14] (IN)
                         net (fo=0)                   0.000     0.000    <hidden>
    SLICE_X49Y60         SRL16E                                       r  <hidden>
  -------------------------------------------------------------------    -------------------

                         (clock clk rise edge)        0.000     0.000 r  
                                                      0.000     0.000 r  clk (IN)
                         net (fo=10823, unset)        0.043     0.043    <hidden>
    SLICE_X49Y60         SRL16E                                       r  <hidden>

Slack:                    inf
  Source:                 realpart[15]
                            (input port)
  Destination:            <hidden>
                            (rising edge-triggered cell SRL16E clocked by clk  {rise@0.000ns fall@1.666ns period=3.333ns})
  Path Group:             (none)
  Path Type:              Setup (Max at Slow Process Corner)
  Data Path Delay:        0.000ns  (logic 0.000ns (0.000%)  route 0.000ns (0.000%))
  Logic Levels:           0  
  Clock Path Skew:        0.043ns (DCD - SCD + CPR)
    Destination Clock Delay (DCD):    0.043ns
    Source Clock Delay      (SCD):    0.000ns
    Clock Pessimism Removal (CPR):    0.000ns
  Clock Uncertainty:      0.025ns  ((TSJ^2 + TIJ^2)^1/2 + DJ) / 2 + PE
    Total System Jitter     (TSJ):    0.050ns
    Total Input Jitter      (TIJ):    0.000ns
    Discrete Jitter          (DJ):    0.000ns
    Phase Error              (PE):    0.000ns

    Location             Delay type                Incr(ns)  Path(ns)    Netlist Resource(s)
  -------------------------------------------------------------------    -------------------
                                                      0.000     0.000 r  realpart[15] (IN)
                         net (fo=0)                   0.000     0.000    <hidden>
    SLICE_X49Y60         SRL16E                                       r  <hidden>
  -------------------------------------------------------------------    -------------------

                         (clock clk rise edge)        0.000     0.000 r  
                                                      0.000     0.000 r  clk (IN)
                         net (fo=10823, unset)        0.043     0.043    <hidden>
    SLICE_X49Y60         SRL16E                                       r  <hidden>

Slack:                    inf
  Source:                 realpart[1]
                            (input port)
  Destination:            <hidden>
                            (rising edge-triggered cell SRL16E clocked by clk  {rise@0.000ns fall@1.666ns period=3.333ns})
  Path Group:             (none)
  Path Type:              Setup (Max at Slow Process Corner)
  Data Path Delay:        0.000ns  (logic 0.000ns (0.000%)  route 0.000ns (0.000%))
  Logic Levels:           0  
  Clock Path Skew:        0.043ns (DCD - SCD + CPR)
    Destination Clock Delay (DCD):    0.043ns
    Source Clock Delay      (SCD):    0.000ns
    Clock Pessimism Removal (CPR):    0.000ns
  Clock Uncertainty:      0.025ns  ((TSJ^2 + TIJ^2)^1/2 + DJ) / 2 + PE
    Total System Jitter     (TSJ):    0.050ns
    Total Input Jitter      (TIJ):    0.000ns
    Discrete Jitter          (DJ):    0.000ns
    Phase Error              (PE):    0.000ns

    Location             Delay type                Incr(ns)  Path(ns)    Netlist Resource(s)
  -------------------------------------------------------------------    -------------------
                                                      0.000     0.000 r  realpart[1] (IN)
                         net (fo=0)                   0.000     0.000    <hidden>
    SLICE_X49Y60         SRL16E                                       r  <hidden>
  -------------------------------------------------------------------    -------------------

                         (clock clk rise edge)        0.000     0.000 r  
                                                      0.000     0.000 r  clk (IN)
                         net (fo=10823, unset)        0.043     0.043    <hidden>
    SLICE_X49Y60         SRL16E                                       r  <hidden>

Slack:                    inf
  Source:                 realpart[2]
                            (input port)
  Destination:            <hidden>
                            (rising edge-triggered cell SRL16E clocked by clk  {rise@0.000ns fall@1.666ns period=3.333ns})
  Path Group:             (none)
  Path Type:              Setup (Max at Slow Process Corner)
  Data Path Delay:        0.000ns  (logic 0.000ns (0.000%)  route 0.000ns (0.000%))
  Logic Levels:           0  
  Clock Path Skew:        0.043ns (DCD - SCD + CPR)
    Destination Clock Delay (DCD):    0.043ns
    Source Clock Delay      (SCD):    0.000ns
    Clock Pessimism Removal (CPR):    0.000ns
  Clock Uncertainty:      0.025ns  ((TSJ^2 + TIJ^2)^1/2 + DJ) / 2 + PE
    Total System Jitter     (TSJ):    0.050ns
    Total Input Jitter      (TIJ):    0.000ns
    Discrete Jitter          (DJ):    0.000ns
    Phase Error              (PE):    0.000ns

    Location             Delay type                Incr(ns)  Path(ns)    Netlist Resource(s)
  -------------------------------------------------------------------    -------------------
                                                      0.000     0.000 r  realpart[2] (IN)
                         net (fo=0)                   0.000     0.000    <hidden>
    SLICE_X49Y60         SRL16E                                       r  <hidden>
  -------------------------------------------------------------------    -------------------

                         (clock clk rise edge)        0.000     0.000 r  
                                                      0.000     0.000 r  clk (IN)
                         net (fo=10823, unset)        0.043     0.043    <hidden>
    SLICE_X49Y60         SRL16E                                       r  <hidden>

Slack:                    inf
  Source:                 realpart[3]
                            (input port)
  Destination:            <hidden>
                            (rising edge-triggered cell SRL16E clocked by clk  {rise@0.000ns fall@1.666ns period=3.333ns})
  Path Group:             (none)
  Path Type:              Setup (Max at Slow Process Corner)
  Data Path Delay:        0.000ns  (logic 0.000ns (0.000%)  route 0.000ns (0.000%))
  Logic Levels:           0  
  Clock Path Skew:        0.043ns (DCD - SCD + CPR)
    Destination Clock Delay (DCD):    0.043ns
    Source Clock Delay      (SCD):    0.000ns
    Clock Pessimism Removal (CPR):    0.000ns
  Clock Uncertainty:      0.025ns  ((TSJ^2 + TIJ^2)^1/2 + DJ) / 2 + PE
    Total System Jitter     (TSJ):    0.050ns
    Total Input Jitter      (TIJ):    0.000ns
    Discrete Jitter          (DJ):    0.000ns
    Phase Error              (PE):    0.000ns

    Location             Delay type                Incr(ns)  Path(ns)    Netlist Resource(s)
  -------------------------------------------------------------------    -------------------
                                                      0.000     0.000 r  realpart[3] (IN)
                         net (fo=0)                   0.000     0.000    <hidden>
    SLICE_X49Y60         SRL16E                                       r  <hidden>
  -------------------------------------------------------------------    -------------------

                         (clock clk rise edge)        0.000     0.000 r  
                                                      0.000     0.000 r  clk (IN)
                         net (fo=10823, unset)        0.043     0.043    <hidden>
    SLICE_X49Y60         SRL16E                                       r  <hidden>





Min Delay Paths
--------------------------------------------------------------------------------------
Slack:                    inf
  Source:                 realpart[0]
                            (input port)
  Destination:            <hidden>
                            (rising edge-triggered cell SRL16E clocked by clk  {rise@0.000ns fall@1.666ns period=3.333ns})
  Path Group:             (none)
  Path Type:              Hold (Min at Slow Process Corner)
  Data Path Delay:        0.000ns  (logic 0.000ns (0.000%)  route 0.000ns (0.000%))
  Logic Levels:           0  
  Clock Path Skew:        0.057ns (DCD - SCD - CPR)
    Destination Clock Delay (DCD):    0.057ns
    Source Clock Delay      (SCD):    0.000ns
    Clock Pessimism Removal (CPR):    -0.000ns

    Location             Delay type                Incr(ns)  Path(ns)    Netlist Resource(s)
  -------------------------------------------------------------------    -------------------
                                                      0.000     0.000 r  realpart[0] (IN)
                         net (fo=0)                   0.000     0.000    <hidden>
    SLICE_X49Y60         SRL16E                                       r  <hidden>
  -------------------------------------------------------------------    -------------------

                         (clock clk rise edge)        0.000     0.000 r  
                                                      0.000     0.000 r  clk (IN)
                         net (fo=10823, unset)        0.057     0.057    <hidden>
    SLICE_X49Y60         SRL16E                                       r  <hidden>

Slack:                    inf
  Source:                 realpart[10]
                            (input port)
  Destination:            <hidden>
                            (rising edge-triggered cell SRL16E clocked by clk  {rise@0.000ns fall@1.666ns period=3.333ns})
  Path Group:             (none)
  Path Type:              Hold (Min at Slow Process Corner)
  Data Path Delay:        0.000ns  (logic 0.000ns (0.000%)  route 0.000ns (0.000%))
  Logic Levels:           0  
  Clock Path Skew:        0.057ns (DCD - SCD - CPR)
    Destination Clock Delay (DCD):    0.057ns
    Source Clock Delay      (SCD):    0.000ns
    Clock Pessimism Removal (CPR):    -0.000ns

    Location             Delay type                Incr(ns)  Path(ns)    Netlist Resource(s)
  -------------------------------------------------------------------    -------------------
                                                      0.000     0.000 r  realpart[10] (IN)
                         net (fo=0)                   0.000     0.000    <hidden>
    SLICE_X49Y60         SRL16E                                       r  <hidden>
  -------------------------------------------------------------------    -------------------

                         (clock clk rise edge)        0.000     0.000 r  
                                                      0.000     0.000 r  clk (IN)
                         net (fo=10823, unset)        0.057     0.057    <hidden>
    SLICE_X49Y60         SRL16E                                       r  <hidden>

Slack:                    inf
  Source:                 realpart[11]
                            (input port)
  Destination:            <hidden>
                            (rising edge-triggered cell SRL16E clocked by clk  {rise@0.000ns fall@1.666ns period=3.333ns})
  Path Group:             (none)
  Path Type:              Hold (Min at Slow Process Corner)
  Data Path Delay:        0.000ns  (logic 0.000ns (0.000%)  route 0.000ns (0.000%))
  Logic Levels:           0  
  Clock Path Skew:        0.057ns (DCD - SCD - CPR)
    Destination Clock Delay (DCD):    0.057ns
    Source Clock Delay      (SCD):    0.000ns
    Clock Pessimism Removal (CPR):    -0.000ns

    Location             Delay type                Incr(ns)  Path(ns)    Netlist Resource(s)
  -------------------------------------------------------------------    -------------------
                                                      0.000     0.000 r  realpart[11] (IN)
                         net (fo=0)                   0.000     0.000    <hidden>
    SLICE_X49Y60         SRL16E                                       r  <hidden>
  -------------------------------------------------------------------    -------------------

                         (clock clk rise edge)        0.000     0.000 r  
                                                      0.000     0.000 r  clk (IN)
                         net (fo=10823, unset)        0.057     0.057    <hidden>
    SLICE_X49Y60         SRL16E                                       r  <hidden>

Slack:                    inf
  Source:                 realpart[12]
                            (input port)
  Destination:            <hidden>
                            (rising edge-triggered cell SRL16E clocked by clk  {rise@0.000ns fall@1.666ns period=3.333ns})
  Path Group:             (none)
  Path Type:              Hold (Min at Slow Process Corner)
  Data Path Delay:        0.000ns  (logic 0.000ns (0.000%)  route 0.000ns (0.000%))
  Logic Levels:           0  
  Clock Path Skew:        0.057ns (DCD - SCD - CPR)
    Destination Clock Delay (DCD):    0.057ns
    Source Clock Delay      (SCD):    0.000ns
    Clock Pessimism Removal (CPR):    -0.000ns

    Location             Delay type                Incr(ns)  Path(ns)    Netlist Resource(s)
  -------------------------------------------------------------------    -------------------
                                                      0.000     0.000 r  realpart[12] (IN)
                         net (fo=0)                   0.000     0.000    <hidden>
    SLICE_X49Y60         SRL16E                                       r  <hidden>
  -------------------------------------------------------------------    -------------------

                         (clock clk rise edge)        0.000     0.000 r  
                                                      0.000     0.000 r  clk (IN)
                         net (fo=10823, unset)        0.057     0.057    <hidden>
    SLICE_X49Y60         SRL16E                                       r  <hidden>

Slack:                    inf
  Source:                 realpart[13]
                            (input port)
  Destination:            <hidden>
                            (rising edge-triggered cell SRL16E clocked by clk  {rise@0.000ns fall@1.666ns period=3.333ns})
  Path Group:             (none)
  Path Type:              Hold (Min at Slow Process Corner)
  Data Path Delay:        0.000ns  (logic 0.000ns (0.000%)  route 0.000ns (0.000%))
  Logic Levels:           0  
  Clock Path Skew:        0.057ns (DCD - SCD - CPR)
    Destination Clock Delay (DCD):    0.057ns
    Source Clock Delay      (SCD):    0.000ns
    Clock Pessimism Removal (CPR):    -0.000ns

    Location             Delay type                Incr(ns)  Path(ns)    Netlist Resource(s)
  -------------------------------------------------------------------    -------------------
                                                      0.000     0.000 r  realpart[13] (IN)
                         net (fo=0)                   0.000     0.000    <hidden>
    SLICE_X49Y60         SRL16E                                       r  <hidden>
  -------------------------------------------------------------------    -------------------

                         (clock clk rise edge)        0.000     0.000 r  
                                                      0.000     0.000 r  clk (IN)
                         net (fo=10823, unset)        0.057     0.057    <hidden>
    SLICE_X49Y60         SRL16E                                       r  <hidden>

Slack:                    inf
  Source:                 realpart[14]
                            (input port)
  Destination:            <hidden>
                            (rising edge-triggered cell SRL16E clocked by clk  {rise@0.000ns fall@1.666ns period=3.333ns})
  Path Group:             (none)
  Path Type:              Hold (Min at Slow Process Corner)
  Data Path Delay:        0.000ns  (logic 0.000ns (0.000%)  route 0.000ns (0.000%))
  Logic Levels:           0  
  Clock Path Skew:        0.057ns (DCD - SCD - CPR)
    Destination Clock Delay (DCD):    0.057ns
    Source Clock Delay      (SCD):    0.000ns
    Clock Pessimism Removal (CPR):    -0.000ns

    Location             Delay type                Incr(ns)  Path(ns)    Netlist Resource(s)
  -------------------------------------------------------------------    -------------------
                                                      0.000     0.000 r  realpart[14] (IN)
                         net (fo=0)                   0.000     0.000    <hidden>
    SLICE_X49Y60         SRL16E                                       r  <hidden>
  -------------------------------------------------------------------    -------------------

                         (clock clk rise edge)        0.000     0.000 r  
                                                      0.000     0.000 r  clk (IN)
                         net (fo=10823, unset)        0.057     0.057    <hidden>
    SLICE_X49Y60         SRL16E                                       r  <hidden>

Slack:                    inf
  Source:                 realpart[15]
                            (input port)
  Destination:            <hidden>
                            (rising edge-triggered cell SRL16E clocked by clk  {rise@0.000ns fall@1.666ns period=3.333ns})
  Path Group:             (none)
  Path Type:              Hold (Min at Slow Process Corner)
  Data Path Delay:        0.000ns  (logic 0.000ns (0.000%)  route 0.000ns (0.000%))
  Logic Levels:           0  
  Clock Path Skew:        0.057ns (DCD - SCD - CPR)
    Destination Clock Delay (DCD):    0.057ns
    Source Clock Delay      (SCD):    0.000ns
    Clock Pessimism Removal (CPR):    -0.000ns

    Location             Delay type                Incr(ns)  Path(ns)    Netlist Resource(s)
  -------------------------------------------------------------------    -------------------
                                                      0.000     0.000 r  realpart[15] (IN)
                         net (fo=0)                   0.000     0.000    <hidden>
    SLICE_X49Y60         SRL16E                                       r  <hidden>
  -------------------------------------------------------------------    -------------------

                         (clock clk rise edge)        0.000     0.000 r  
                                                      0.000     0.000 r  clk (IN)
                         net (fo=10823, unset)        0.057     0.057    <hidden>
    SLICE_X49Y60         SRL16E                                       r  <hidden>

Slack:                    inf
  Source:                 realpart[1]
                            (input port)
  Destination:            <hidden>
                            (rising edge-triggered cell SRL16E clocked by clk  {rise@0.000ns fall@1.666ns period=3.333ns})
  Path Group:             (none)
  Path Type:              Hold (Min at Slow Process Corner)
  Data Path Delay:        0.000ns  (logic 0.000ns (0.000%)  route 0.000ns (0.000%))
  Logic Levels:           0  
  Clock Path Skew:        0.057ns (DCD - SCD - CPR)
    Destination Clock Delay (DCD):    0.057ns
    Source Clock Delay      (SCD):    0.000ns
    Clock Pessimism Removal (CPR):    -0.000ns

    Location             Delay type                Incr(ns)  Path(ns)    Netlist Resource(s)
  -------------------------------------------------------------------    -------------------
                                                      0.000     0.000 r  realpart[1] (IN)
                         net (fo=0)                   0.000     0.000    <hidden>
    SLICE_X49Y60         SRL16E                                       r  <hidden>
  -------------------------------------------------------------------    -------------------

                         (clock clk rise edge)        0.000     0.000 r  
                                                      0.000     0.000 r  clk (IN)
                         net (fo=10823, unset)        0.057     0.057    <hidden>
    SLICE_X49Y60         SRL16E                                       r  <hidden>

Slack:                    inf
  Source:                 realpart[2]
                            (input port)
  Destination:            <hidden>
                            (rising edge-triggered cell SRL16E clocked by clk  {rise@0.000ns fall@1.666ns period=3.333ns})
  Path Group:             (none)
  Path Type:              Hold (Min at Slow Process Corner)
  Data Path Delay:        0.000ns  (logic 0.000ns (0.000%)  route 0.000ns (0.000%))
  Logic Levels:           0  
  Clock Path Skew:        0.057ns (DCD - SCD - CPR)
    Destination Clock Delay (DCD):    0.057ns
    Source Clock Delay      (SCD):    0.000ns
    Clock Pessimism Removal (CPR):    -0.000ns

    Location             Delay type                Incr(ns)  Path(ns)    Netlist Resource(s)
  -------------------------------------------------------------------    -------------------
                                                      0.000     0.000 r  realpart[2] (IN)
                         net (fo=0)                   0.000     0.000    <hidden>
    SLICE_X49Y60         SRL16E                                       r  <hidden>
  -------------------------------------------------------------------    -------------------

                         (clock clk rise edge)        0.000     0.000 r  
                                                      0.000     0.000 r  clk (IN)
                         net (fo=10823, unset)        0.057     0.057    <hidden>
    SLICE_X49Y60         SRL16E                                       r  <hidden>

Slack:                    inf
  Source:                 realpart[3]
                            (input port)
  Destination:            <hidden>
                            (rising edge-triggered cell SRL16E clocked by clk  {rise@0.000ns fall@1.666ns period=3.333ns})
  Path Group:             (none)
  Path Type:              Hold (Min at Slow Process Corner)
  Data Path Delay:        0.000ns  (logic 0.000ns (0.000%)  route 0.000ns (0.000%))
  Logic Levels:           0  
  Clock Path Skew:        0.057ns (DCD - SCD - CPR)
    Destination Clock Delay (DCD):    0.057ns
    Source Clock Delay      (SCD):    0.000ns
    Clock Pessimism Removal (CPR):    -0.000ns

    Location             Delay type                Incr(ns)  Path(ns)    Netlist Resource(s)
  -------------------------------------------------------------------    -------------------
                                                      0.000     0.000 r  realpart[3] (IN)
                         net (fo=0)                   0.000     0.000    <hidden>
    SLICE_X49Y60         SRL16E                                       r  <hidden>
  -------------------------------------------------------------------    -------------------

                         (clock clk rise edge)        0.000     0.000 r  
                                                      0.000     0.000 r  clk (IN)
                         net (fo=10823, unset)        0.057     0.057    <hidden>
    SLICE_X49Y60         SRL16E                                       r  <hidden>





